dia,mes,ano,hora,temp,hum,data
20.0,9.0,2021.0,15.0,32.648648648648646,15.405405405405405,20-9-2021 15
20.0,9.0,2021.0,16.0,33.483333333333334,13.983333333333333,20-9-2021 16
20.0,9.0,2021.0,17.0,31.7,16.2,20-9-2021 17
20.0,9.0,2021.0,18.0,30.25,17.55,20-9-2021 18
20.0,9.0,2021.0,19.0,29.133333333333333,20.7,20-9-2021 19
20.0,9.0,2021.0,20.0,28.383333333333333,26.166666666666668,20-9-2021 20
20.0,9.0,2021.0,21.0,27.45,42.03333333333333,20-9-2021 21
20.0,9.0,2021.0,22.0,26.05,54.1,20-9-2021 22
20.0,9.0,2021.0,23.0,25.466666666666665,55.56666666666667,20-9-2021 23
21.0,9.0,2021.0,0.0,25.0,56.9,21-9-2021 0
21.0,9.0,2021.0,1.0,24.766666666666666,58.53333333333333,21-9-2021 1
21.0,9.0,2021.0,2.0,24.0,59.45,21-9-2021 2
21.0,9.0,2021.0,3.0,24.0,60.766666666666666,21-9-2021 3
21.0,9.0,2021.0,4.0,24.0,57.916666666666664,21-9-2021 4
21.0,9.0,2021.0,5.0,23.333333333333332,52.1,21-9-2021 5
21.0,9.0,2021.0,6.0,23.55,50.983333333333334,21-9-2021 6
21.0,9.0,2021.0,7.0,24.3,47.96666666666667,21-9-2021 7
21.0,9.0,2021.0,8.0,25.71186440677966,43.932203389830505,21-9-2021 8
21.0,9.0,2021.0,9.0,28.7,33.6,21-9-2021 9
21.0,9.0,2021.0,10.0,31.283333333333335,21.95,21-9-2021 10
21.0,9.0,2021.0,11.0,33.38333333333333,16.333333333333332,21-9-2021 11
21.0,9.0,2021.0,12.0,32.71186440677966,16.83050847457627,21-9-2021 12
21.0,9.0,2021.0,13.0,31.383333333333333,34.96666666666667,21-9-2021 13
21.0,9.0,2021.0,14.0,27.3,43.6,21-9-2021 14
21.0,9.0,2021.0,15.0,25.25,48.2,21-9-2021 15
21.0,9.0,2021.0,16.0,23.733333333333334,49.666666666666664,21-9-2021 16
21.0,9.0,2021.0,17.0,22.833333333333332,49.1,21-9-2021 17
21.0,9.0,2021.0,18.0,22.0,51.983333333333334,21-9-2021 18
21.0,9.0,2021.0,19.0,21.466666666666665,55.53333333333333,21-9-2021 19
21.0,9.0,2021.0,20.0,20.689655172413794,53.327586206896555,21-9-2021 20
21.0,9.0,2021.0,21.0,20.0,52.6,21-9-2021 21
21.0,9.0,2021.0,22.0,18.9,53.93333333333333,21-9-2021 22
21.0,9.0,2021.0,23.0,18.033333333333335,55.81666666666667,21-9-2021 23
22.0,9.0,2021.0,0.0,18.0,58.266666666666666,22-9-2021 0
22.0,9.0,2021.0,1.0,17.8,56.733333333333334,22-9-2021 1
22.0,9.0,2021.0,2.0,17.0,53.5,22-9-2021 2
22.0,9.0,2021.0,3.0,16.6,51.166666666666664,22-9-2021 3
22.0,9.0,2021.0,4.0,16.0,53.25,22-9-2021 4
22.0,9.0,2021.0,5.0,15.983333333333333,59.86666666666667,22-9-2021 5
22.0,9.0,2021.0,6.0,15.7,56.96666666666667,22-9-2021 6
22.0,9.0,2021.0,7.0,16.283333333333335,51.5,22-9-2021 7
22.0,9.0,2021.0,8.0,16.964912280701753,49.73684210526316,22-9-2021 8
22.0,9.0,2021.0,9.0,17.11320754716981,46.905660377358494,22-9-2021 9
22.0,9.0,2021.0,10.0,18.310344827586206,40.63793103448276,22-9-2021 10
22.0,9.0,2021.0,11.0,19.25925925925926,38.25925925925926,22-9-2021 11
22.0,9.0,2021.0,12.0,19.53448275862069,45.8448275862069,22-9-2021 12
22.0,9.0,2021.0,13.0,22.216666666666665,33.233333333333334,22-9-2021 13
22.0,9.0,2021.0,14.0,19.627118644067796,43.186440677966104,22-9-2021 14
22.0,9.0,2021.0,15.0,19.433333333333334,39.15,22-9-2021 15
22.0,9.0,2021.0,16.0,18.516666666666666,38.36666666666667,22-9-2021 16
22.0,9.0,2021.0,17.0,18.0,40.88333333333333,22-9-2021 17
22.0,9.0,2021.0,18.0,17.185185185185187,44.51851851851852,22-9-2021 18
22.0,9.0,2021.0,19.0,16.85,44.65,22-9-2021 19
22.0,9.0,2021.0,20.0,16.033333333333335,46.4,22-9-2021 20
22.0,9.0,2021.0,21.0,16.0,47.15,22-9-2021 21
22.0,9.0,2021.0,22.0,15.766666666666667,46.21666666666667,22-9-2021 22
22.0,9.0,2021.0,23.0,15.0,49.55,22-9-2021 23
23.0,9.0,2021.0,0.0,15.0,53.78333333333333,23-9-2021 0
23.0,9.0,2021.0,1.0,14.816666666666666,54.18333333333333,23-9-2021 1
23.0,9.0,2021.0,2.0,14.0,53.81666666666667,23-9-2021 2
23.0,9.0,2021.0,3.0,14.0,49.31666666666667,23-9-2021 3
23.0,9.0,2021.0,4.0,14.0,45.46666666666667,23-9-2021 4
23.0,9.0,2021.0,5.0,14.0,46.13333333333333,23-9-2021 5
23.0,9.0,2021.0,6.0,14.0,46.483333333333334,23-9-2021 6
23.0,9.0,2021.0,7.0,15.1,47.31666666666667,23-9-2021 7
23.0,9.0,2021.0,8.0,16.366666666666667,41.75,23-9-2021 8
23.0,9.0,2021.0,9.0,17.7,37.86666666666667,23-9-2021 9
23.0,9.0,2021.0,10.0,19.116666666666667,34.85,23-9-2021 10
23.0,9.0,2021.0,11.0,22.220338983050848,26.050847457627118,23-9-2021 11
23.0,9.0,2021.0,12.0,23.833333333333332,21.15,23-9-2021 12
23.0,9.0,2021.0,13.0,25.65,19.066666666666666,23-9-2021 13
23.0,9.0,2021.0,14.0,25.716666666666665,21.083333333333332,23-9-2021 14
23.0,9.0,2021.0,15.0,24.6,23.566666666666666,23-9-2021 15
23.0,9.0,2021.0,16.0,22.316666666666666,30.366666666666667,23-9-2021 16
23.0,9.0,2021.0,17.0,19.583333333333332,38.9,23-9-2021 17
23.0,9.0,2021.0,18.0,18.133333333333333,43.9,23-9-2021 18
23.0,9.0,2021.0,19.0,18.0,45.93333333333333,23-9-2021 19
23.0,9.0,2021.0,20.0,17.6,47.18333333333333,23-9-2021 20
23.0,9.0,2021.0,21.0,17.0,47.65,23-9-2021 21
23.0,9.0,2021.0,22.0,16.233333333333334,49.55,23-9-2021 22
23.0,9.0,2021.0,23.0,16.0,51.63333333333333,23-9-2021 23
24.0,9.0,2021.0,0.0,15.95,53.583333333333336,24-9-2021 0
24.0,9.0,2021.0,1.0,15.016666666666667,56.483333333333334,24-9-2021 1
24.0,9.0,2021.0,2.0,14.866666666666667,58.55,24-9-2021 2
24.0,9.0,2021.0,3.0,14.066666666666666,60.06666666666667,24-9-2021 3
24.0,9.0,2021.0,4.0,14.0,60.7,24-9-2021 4
24.0,9.0,2021.0,5.0,14.0,61.56666666666667,24-9-2021 5
24.0,9.0,2021.0,6.0,14.0,62.85,24-9-2021 6
24.0,9.0,2021.0,7.0,14.95,57.016666666666666,24-9-2021 7
24.0,9.0,2021.0,8.0,17.383333333333333,46.7,24-9-2021 8
24.0,9.0,2021.0,9.0,20.05,38.7,24-9-2021 9
24.0,9.0,2021.0,10.0,23.15,31.2,24-9-2021 10
24.0,9.0,2021.0,11.0,25.766666666666666,25.483333333333334,24-9-2021 11
24.0,9.0,2021.0,12.0,28.066666666666666,20.9,24-9-2021 12
24.0,9.0,2021.0,13.0,29.416666666666668,18.066666666666666,24-9-2021 13
24.0,9.0,2021.0,14.0,29.566666666666666,21.316666666666666,24-9-2021 14
24.0,9.0,2021.0,15.0,26.529411764705884,34.35294117647059,24-9-2021 15
25.0,9.0,2021.0,19.0,19.0,65.0,25-9-2021 19
25.0,9.0,2021.0,20.0,18.7,64.03333333333333,25-9-2021 20
25.0,9.0,2021.0,21.0,18.0,64.41666666666667,25-9-2021 21
25.0,9.0,2021.0,22.0,18.0,64.96666666666667,25-9-2021 22
25.0,9.0,2021.0,23.0,18.0,66.55,25-9-2021 23
26.0,9.0,2021.0,0.0,17.283333333333335,68.68333333333334,26-9-2021 0
26.0,9.0,2021.0,1.0,17.0,71.35,26-9-2021 1
26.0,9.0,2021.0,2.0,17.0,73.66666666666667,26-9-2021 2
26.0,9.0,2021.0,3.0,17.0,74.65,26-9-2021 3
26.0,9.0,2021.0,4.0,17.0,75.9,26-9-2021 4
26.0,9.0,2021.0,5.0,16.05,77.88333333333334,26-9-2021 5
26.0,9.0,2021.0,6.0,16.316666666666666,76.71666666666667,26-9-2021 6
26.0,9.0,2021.0,7.0,17.783333333333335,69.48333333333333,26-9-2021 7
26.0,9.0,2021.0,8.0,20.183333333333334,56.266666666666666,26-9-2021 8
26.0,9.0,2021.0,9.0,23.116666666666667,44.583333333333336,26-9-2021 9
26.0,9.0,2021.0,10.0,26.2,37.083333333333336,26-9-2021 10
26.0,9.0,2021.0,11.0,28.583333333333332,29.183333333333334,26-9-2021 11
26.0,9.0,2021.0,12.0,30.583333333333332,21.733333333333334,26-9-2021 12
26.0,9.0,2021.0,13.0,31.933333333333334,19.216666666666665,26-9-2021 13
26.0,9.0,2021.0,14.0,27.5,32.05,26-9-2021 14
26.0,9.0,2021.0,15.0,25.883333333333333,29.333333333333332,26-9-2021 15
26.0,9.0,2021.0,16.0,25.483333333333334,34.9,26-9-2021 16
26.0,9.0,2021.0,17.0,24.25,38.85,26-9-2021 17
26.0,9.0,2021.0,18.0,23.116666666666667,37.166666666666664,26-9-2021 18
26.0,9.0,2021.0,19.0,22.55,36.15,26-9-2021 19
26.0,9.0,2021.0,20.0,22.0,34.75,26-9-2021 20
26.0,9.0,2021.0,21.0,22.0,37.06666666666667,26-9-2021 21
26.0,9.0,2021.0,22.0,21.05,39.666666666666664,26-9-2021 22
26.0,9.0,2021.0,23.0,21.0,42.18333333333333,26-9-2021 23
27.0,9.0,2021.0,0.0,20.266666666666666,44.93333333333333,27-9-2021 0
27.0,9.0,2021.0,1.0,20.0,46.93333333333333,27-9-2021 1
27.0,9.0,2021.0,2.0,19.933333333333334,49.53333333333333,27-9-2021 2
27.0,9.0,2021.0,3.0,19.0,52.7,27-9-2021 3
27.0,9.0,2021.0,4.0,19.0,55.233333333333334,27-9-2021 4
27.0,9.0,2021.0,5.0,19.0,57.416666666666664,27-9-2021 5
27.0,9.0,2021.0,6.0,19.0,57.516666666666666,27-9-2021 6
27.0,9.0,2021.0,7.0,20.15,51.78333333333333,27-9-2021 7
27.0,9.0,2021.0,8.0,22.766666666666666,42.333333333333336,27-9-2021 8
27.0,9.0,2021.0,9.0,25.5,33.8,27-9-2021 9
27.0,9.0,2021.0,10.0,28.083333333333332,23.766666666666666,27-9-2021 10
27.0,9.0,2021.0,11.0,29.85,17.316666666666666,27-9-2021 11
27.0,9.0,2021.0,12.0,31.433333333333334,16.033333333333335,27-9-2021 12
27.0,9.0,2021.0,13.0,33.083333333333336,14.416666666666666,27-9-2021 13
27.0,9.0,2021.0,14.0,32.7,16.35,27-9-2021 14
27.0,9.0,2021.0,15.0,31.916666666666668,16.966666666666665,27-9-2021 15
27.0,9.0,2021.0,16.0,29.616666666666667,22.75,27-9-2021 16
27.0,9.0,2021.0,17.0,27.1,33.016666666666666,27-9-2021 17
27.0,9.0,2021.0,18.0,25.433333333333334,38.85,27-9-2021 18
27.0,9.0,2021.0,19.0,24.333333333333332,36.13333333333333,27-9-2021 19
27.0,9.0,2021.0,20.0,24.0,36.71666666666667,27-9-2021 20
27.0,9.0,2021.0,21.0,23.083333333333332,37.06666666666667,27-9-2021 21
27.0,9.0,2021.0,22.0,22.783333333333335,37.93333333333333,27-9-2021 22
27.0,9.0,2021.0,23.0,22.0,39.61666666666667,27-9-2021 23
28.0,9.0,2021.0,0.0,21.483333333333334,38.68333333333333,28-9-2021 0
28.0,9.0,2021.0,1.0,21.0,38.45,28-9-2021 1
28.0,9.0,2021.0,2.0,21.0,36.93333333333333,28-9-2021 2
28.0,9.0,2021.0,3.0,20.466666666666665,38.25,28-9-2021 3
28.0,9.0,2021.0,4.0,20.0,40.416666666666664,28-9-2021 4
28.0,9.0,2021.0,5.0,19.5,42.65,28-9-2021 5
28.0,9.0,2021.0,6.0,19.733333333333334,43.733333333333334,28-9-2021 6
28.0,9.0,2021.0,7.0,21.1,40.1,28-9-2021 7
28.0,9.0,2021.0,8.0,23.6,34.13333333333333,28-9-2021 8
28.0,9.0,2021.0,9.0,26.3,27.15,28-9-2021 9
28.0,9.0,2021.0,10.0,28.783333333333335,22.766666666666666,28-9-2021 10
28.0,9.0,2021.0,11.0,30.883333333333333,18.4,28-9-2021 11
28.0,9.0,2021.0,12.0,32.4,14.2,28-9-2021 12
28.0,9.0,2021.0,13.0,33.166666666666664,11.55,28-9-2021 13
28.0,9.0,2021.0,14.0,33.43333333333333,10.383333333333333,28-9-2021 14
28.0,9.0,2021.0,15.0,32.916666666666664,11.9,28-9-2021 15
28.0,9.0,2021.0,16.0,30.316666666666666,15.266666666666667,28-9-2021 16
28.0,9.0,2021.0,17.0,28.35,16.416666666666668,28-9-2021 17
28.0,9.0,2021.0,18.0,27.2,18.683333333333334,28-9-2021 18
28.0,9.0,2021.0,19.0,26.2,19.933333333333334,28-9-2021 19
28.0,9.0,2021.0,20.0,25.883333333333333,23.883333333333333,28-9-2021 20
28.0,9.0,2021.0,21.0,25.0,19.616666666666667,28-9-2021 21
28.0,9.0,2021.0,22.0,24.416666666666668,18.933333333333334,28-9-2021 22
28.0,9.0,2021.0,23.0,24.0,21.5,28-9-2021 23
29.0,9.0,2021.0,0.0,23.633333333333333,23.6,29-9-2021 0
29.0,9.0,2021.0,1.0,23.0,25.8,29-9-2021 1
29.0,9.0,2021.0,2.0,23.0,27.566666666666666,29-9-2021 2
29.0,9.0,2021.0,3.0,22.25,28.933333333333334,29-9-2021 3
29.0,9.0,2021.0,4.0,21.45,42.3,29-9-2021 4
29.0,9.0,2021.0,5.0,21.0,54.483333333333334,29-9-2021 5
29.0,9.0,2021.0,6.0,21.0,56.63333333333333,29-9-2021 6
29.0,9.0,2021.0,7.0,21.216666666666665,54.9,29-9-2021 7
29.0,9.0,2021.0,8.0,22.45,49.88333333333333,29-9-2021 8
29.0,9.0,2021.0,9.0,24.183333333333334,44.63333333333333,29-9-2021 9
29.0,9.0,2021.0,10.0,27.066666666666666,36.25,29-9-2021 10
29.0,9.0,2021.0,11.0,29.133333333333333,31.3,29-9-2021 11
29.0,9.0,2021.0,12.0,30.45,27.083333333333332,29-9-2021 12
29.0,9.0,2021.0,13.0,31.183333333333334,25.833333333333332,29-9-2021 13
29.0,9.0,2021.0,14.0,30.183333333333334,28.333333333333332,29-9-2021 14
29.0,9.0,2021.0,15.0,28.766666666666666,32.516666666666666,29-9-2021 15
29.0,9.0,2021.0,16.0,27.333333333333332,41.15,29-9-2021 16
29.0,9.0,2021.0,17.0,25.1,45.416666666666664,29-9-2021 17
29.0,9.0,2021.0,18.0,23.483333333333334,49.233333333333334,29-9-2021 18
29.0,9.0,2021.0,19.0,22.466666666666665,56.6,29-9-2021 19
29.0,9.0,2021.0,20.0,21.85,54.81666666666667,29-9-2021 20
29.0,9.0,2021.0,21.0,21.133333333333333,51.55,29-9-2021 21
29.0,9.0,2021.0,22.0,20.983333333333334,57.333333333333336,29-9-2021 22
29.0,9.0,2021.0,23.0,20.133333333333333,58.233333333333334,29-9-2021 23
30.0,9.0,2021.0,0.0,19.733333333333334,54.55,30-9-2021 0
30.0,9.0,2021.0,1.0,19.0,52.75,30-9-2021 1
30.0,9.0,2021.0,2.0,19.0,50.016666666666666,30-9-2021 2
30.0,9.0,2021.0,3.0,19.0,54.21666666666667,30-9-2021 3
30.0,9.0,2021.0,4.0,19.0,62.61666666666667,30-9-2021 4
30.0,9.0,2021.0,5.0,19.0,60.78333333333333,30-9-2021 5
30.0,9.0,2021.0,6.0,19.0,60.13333333333333,30-9-2021 6
30.0,9.0,2021.0,7.0,19.15,57.8,30-9-2021 7
30.0,9.0,2021.0,8.0,20.916666666666668,50.416666666666664,30-9-2021 8
30.0,9.0,2021.0,9.0,24.25,39.233333333333334,30-9-2021 9
30.0,9.0,2021.0,10.0,25.783333333333335,33.983333333333334,30-9-2021 10
30.0,9.0,2021.0,11.0,27.65,29.966666666666665,30-9-2021 11
30.0,9.0,2021.0,12.0,29.15,27.333333333333332,30-9-2021 12
30.0,9.0,2021.0,13.0,30.266666666666666,25.05,30-9-2021 13
30.0,9.0,2021.0,14.0,29.9,26.7,30-9-2021 14
30.0,9.0,2021.0,15.0,28.066666666666666,32.2,30-9-2021 15
30.0,9.0,2021.0,16.0,24.766666666666666,38.43333333333333,30-9-2021 16
30.0,9.0,2021.0,17.0,23.05,42.75,30-9-2021 17
30.0,9.0,2021.0,18.0,22.05,45.56666666666667,30-9-2021 18
30.0,9.0,2021.0,19.0,21.566666666666666,48.71666666666667,30-9-2021 19
30.0,9.0,2021.0,20.0,21.0,52.6,30-9-2021 20
30.0,9.0,2021.0,21.0,20.483333333333334,54.63333333333333,30-9-2021 21
30.0,9.0,2021.0,22.0,20.0,55.916666666666664,30-9-2021 22
30.0,9.0,2021.0,23.0,19.75,57.81666666666667,30-9-2021 23
1.0,10.0,2021.0,0.0,19.15,60.4,1-10-2021 0
1.0,10.0,2021.0,1.0,19.0,63.61666666666667,1-10-2021 1
1.0,10.0,2021.0,2.0,18.483333333333334,66.53333333333333,1-10-2021 2
1.0,10.0,2021.0,3.0,18.0,69.73333333333333,1-10-2021 3
1.0,10.0,2021.0,4.0,18.0,71.51666666666667,1-10-2021 4
1.0,10.0,2021.0,5.0,18.0,72.71666666666667,1-10-2021 5
1.0,10.0,2021.0,6.0,18.516666666666666,72.86666666666666,1-10-2021 6
1.0,10.0,2021.0,7.0,19.6,65.93333333333334,1-10-2021 7
1.0,10.0,2021.0,8.0,20.816666666666666,59.5,1-10-2021 8
1.0,10.0,2021.0,9.0,23.083333333333332,50.516666666666666,1-10-2021 9
1.0,10.0,2021.0,10.0,23.766666666666666,49.266666666666666,1-10-2021 10
1.0,10.0,2021.0,11.0,21.183333333333334,58.28333333333333,1-10-2021 11
1.0,10.0,2021.0,12.0,21.166666666666668,57.733333333333334,1-10-2021 12
1.0,10.0,2021.0,13.0,21.083333333333332,69.15,1-10-2021 13
1.0,10.0,2021.0,14.0,21.15,64.63333333333334,1-10-2021 14
1.0,10.0,2021.0,15.0,20.983333333333334,68.96666666666667,1-10-2021 15
1.0,10.0,2021.0,16.0,20.05,73.81666666666666,1-10-2021 16
1.0,10.0,2021.0,17.0,20.0,76.36666666666666,1-10-2021 17
1.0,10.0,2021.0,18.0,20.0,74.23333333333333,1-10-2021 18
1.0,10.0,2021.0,19.0,19.733333333333334,70.96666666666667,1-10-2021 19
1.0,10.0,2021.0,20.0,19.033333333333335,71.95,1-10-2021 20
1.0,10.0,2021.0,21.0,19.0,71.53333333333333,1-10-2021 21
1.0,10.0,2021.0,22.0,19.0,72.1,1-10-2021 22
1.0,10.0,2021.0,23.0,19.0,73.76666666666667,1-10-2021 23
2.0,10.0,2021.0,0.0,18.466666666666665,74.58333333333333,2-10-2021 0
2.0,10.0,2021.0,1.0,18.0,73.23333333333333,2-10-2021 1
2.0,10.0,2021.0,2.0,18.0,73.65,2-10-2021 2
2.0,10.0,2021.0,3.0,18.0,74.28333333333333,2-10-2021 3
2.0,10.0,2021.0,4.0,18.0,74.98333333333333,2-10-2021 4
2.0,10.0,2021.0,5.0,18.0,76.66666666666667,2-10-2021 5
2.0,10.0,2021.0,6.0,18.0,75.88333333333334,2-10-2021 6
2.0,10.0,2021.0,7.0,18.516666666666666,72.61666666666666,2-10-2021 7
2.0,10.0,2021.0,8.0,19.916666666666668,66.28333333333333,2-10-2021 8
2.0,10.0,2021.0,9.0,21.0,59.05,2-10-2021 9
2.0,10.0,2021.0,10.0,21.084745762711865,59.016949152542374,2-10-2021 10
2.0,10.0,2021.0,11.0,23.75,47.416666666666664,2-10-2021 11
2.0,10.0,2021.0,12.0,24.183333333333334,44.95,2-10-2021 12
2.0,10.0,2021.0,13.0,24.866666666666667,43.88333333333333,2-10-2021 13
2.0,10.0,2021.0,14.0,25.533333333333335,41.516666666666666,2-10-2021 14
2.0,10.0,2021.0,15.0,24.15,45.43333333333333,2-10-2021 15
2.0,10.0,2021.0,16.0,23.6,48.11666666666667,2-10-2021 16
2.0,10.0,2021.0,17.0,23.0,49.61666666666667,2-10-2021 17
2.0,10.0,2021.0,18.0,22.466666666666665,62.666666666666664,2-10-2021 18
2.0,10.0,2021.0,19.0,22.0,64.8,2-10-2021 19
2.0,10.0,2021.0,20.0,21.433333333333334,65.15,2-10-2021 20
2.0,10.0,2021.0,21.0,21.0,67.85,2-10-2021 21
2.0,10.0,2021.0,22.0,21.0,70.06666666666666,2-10-2021 22
2.0,10.0,2021.0,23.0,21.0,72.45,2-10-2021 23
3.0,10.0,2021.0,0.0,21.0,73.23333333333333,3-10-2021 0
3.0,10.0,2021.0,1.0,20.25,74.75,3-10-2021 1
3.0,10.0,2021.0,2.0,20.0,75.73333333333333,3-10-2021 2
3.0,10.0,2021.0,3.0,20.0,76.15,3-10-2021 3
3.0,10.0,2021.0,4.0,20.0,73.96666666666667,3-10-2021 4
3.0,10.0,2021.0,5.0,20.0,74.16666666666667,3-10-2021 5
3.0,10.0,2021.0,6.0,20.016666666666666,73.78333333333333,3-10-2021 6
3.0,10.0,2021.0,7.0,21.033333333333335,67.66666666666667,3-10-2021 7
3.0,10.0,2021.0,8.0,23.220338983050848,53.13559322033898,3-10-2021 8
3.0,10.0,2021.0,9.0,26.016666666666666,42.333333333333336,3-10-2021 9
3.0,10.0,2021.0,10.0,27.183333333333334,37.18333333333333,3-10-2021 10
3.0,10.0,2021.0,11.0,27.216666666666665,35.05,3-10-2021 11
3.0,10.0,2021.0,12.0,25.733333333333334,41.833333333333336,3-10-2021 12
3.0,10.0,2021.0,13.0,23.366666666666667,62.25,3-10-2021 13
3.0,10.0,2021.0,14.0,22.333333333333332,64.61666666666666,3-10-2021 14
3.0,10.0,2021.0,15.0,23.677966101694917,54.186440677966104,3-10-2021 15
3.0,10.0,2021.0,16.0,22.35,54.36666666666667,3-10-2021 16
3.0,10.0,2021.0,17.0,20.95,69.26666666666667,3-10-2021 17
3.0,10.0,2021.0,18.0,20.0,72.35,3-10-2021 18
3.0,10.0,2021.0,19.0,19.866666666666667,75.18333333333334,3-10-2021 19
3.0,10.0,2021.0,20.0,19.016666666666666,76.4,3-10-2021 20
3.0,10.0,2021.0,21.0,19.0,73.83333333333333,3-10-2021 21
3.0,10.0,2021.0,22.0,19.0,74.78333333333333,3-10-2021 22
3.0,10.0,2021.0,23.0,18.833333333333332,79.63333333333334,3-10-2021 23
4.0,10.0,2021.0,0.0,19.0,81.36666666666666,4-10-2021 0
4.0,10.0,2021.0,1.0,19.0,82.21666666666667,4-10-2021 1
4.0,10.0,2021.0,2.0,18.966666666666665,84.21666666666667,4-10-2021 2
4.0,10.0,2021.0,3.0,18.9,85.0,4-10-2021 3
4.0,10.0,2021.0,4.0,18.916666666666668,85.48333333333333,4-10-2021 4
4.0,10.0,2021.0,5.0,18.933333333333334,85.1,4-10-2021 5
4.0,10.0,2021.0,6.0,19.0,84.28333333333333,4-10-2021 6
4.0,10.0,2021.0,7.0,19.05,82.28333333333333,4-10-2021 7
4.0,10.0,2021.0,8.0,19.844827586206897,77.75862068965517,4-10-2021 8
4.0,10.0,2021.0,9.0,21.716666666666665,66.2,4-10-2021 9
4.0,10.0,2021.0,10.0,24.016666666666666,54.96666666666667,4-10-2021 10
4.0,10.0,2021.0,11.0,25.766666666666666,47.5,4-10-2021 11
4.0,10.0,2021.0,12.0,25.683333333333334,49.45,4-10-2021 12
4.0,10.0,2021.0,13.0,25.066666666666666,53.8,4-10-2021 13
4.0,10.0,2021.0,14.0,24.466666666666665,54.233333333333334,4-10-2021 14
4.0,10.0,2021.0,15.0,23.1,59.05,4-10-2021 15
4.0,10.0,2021.0,16.0,22.766666666666666,61.75,4-10-2021 16
4.0,10.0,2021.0,17.0,22.0,63.71666666666667,4-10-2021 17
4.0,10.0,2021.0,18.0,22.0,66.98333333333333,4-10-2021 18
4.0,10.0,2021.0,19.0,21.033333333333335,68.13333333333334,4-10-2021 19
4.0,10.0,2021.0,20.0,20.566666666666666,63.083333333333336,4-10-2021 20
4.0,10.0,2021.0,21.0,20.0,64.78333333333333,4-10-2021 21
4.0,10.0,2021.0,22.0,19.85,67.68333333333334,4-10-2021 22
4.0,10.0,2021.0,23.0,19.0,76.06666666666666,4-10-2021 23
5.0,10.0,2021.0,0.0,19.0,78.51666666666667,5-10-2021 0
5.0,10.0,2021.0,1.0,19.0,78.73333333333333,5-10-2021 1
5.0,10.0,2021.0,2.0,18.383333333333333,76.43333333333334,5-10-2021 2
5.0,10.0,2021.0,3.0,18.0,73.96666666666667,5-10-2021 3
5.0,10.0,2021.0,4.0,18.0,71.81666666666666,5-10-2021 4
5.0,10.0,2021.0,5.0,18.0,71.15,5-10-2021 5
5.0,10.0,2021.0,6.0,18.0,70.66666666666667,5-10-2021 6
5.0,10.0,2021.0,7.0,18.0,69.73333333333333,5-10-2021 7
5.0,10.0,2021.0,8.0,18.0,64.01666666666667,5-10-2021 8
5.0,10.0,2021.0,9.0,18.016666666666666,65.13333333333334,5-10-2021 9
5.0,10.0,2021.0,10.0,18.966666666666665,61.35,5-10-2021 10
5.0,10.0,2021.0,11.0,19.0,59.87931034482759,5-10-2021 11
5.0,10.0,2021.0,12.0,19.366666666666667,58.916666666666664,5-10-2021 12
5.0,10.0,2021.0,13.0,19.016666666666666,59.18333333333333,5-10-2021 13
5.0,10.0,2021.0,14.0,19.216666666666665,58.93333333333333,5-10-2021 14
5.0,10.0,2021.0,15.0,19.0,60.53333333333333,5-10-2021 15
5.0,10.0,2021.0,16.0,19.0,62.583333333333336,5-10-2021 16
5.0,10.0,2021.0,17.0,18.322033898305083,64.38983050847457,5-10-2021 17
5.0,10.0,2021.0,18.0,18.0,65.43333333333334,5-10-2021 18
5.0,10.0,2021.0,19.0,18.0,65.86666666666666,5-10-2021 19
5.0,10.0,2021.0,20.0,18.0,65.61666666666666,5-10-2021 20
5.0,10.0,2021.0,21.0,18.0,67.51666666666667,5-10-2021 21
5.0,10.0,2021.0,22.0,18.0,69.48333333333333,5-10-2021 22
5.0,10.0,2021.0,23.0,17.716666666666665,71.46666666666667,5-10-2021 23
6.0,10.0,2021.0,0.0,17.0,73.2,6-10-2021 0
6.0,10.0,2021.0,1.0,17.0,73.05,6-10-2021 1
6.0,10.0,2021.0,2.0,17.0,72.3,6-10-2021 2
6.0,10.0,2021.0,3.0,17.0,72.55,6-10-2021 3
6.0,10.0,2021.0,4.0,17.0,72.15,6-10-2021 4
6.0,10.0,2021.0,5.0,17.0,73.56666666666666,6-10-2021 5
6.0,10.0,2021.0,6.0,17.466666666666665,74.51666666666667,6-10-2021 6
6.0,10.0,2021.0,7.0,18.333333333333332,71.7,6-10-2021 7
6.0,10.0,2021.0,8.0,20.083333333333332,60.583333333333336,6-10-2021 8
6.0,10.0,2021.0,9.0,22.583333333333332,50.766666666666666,6-10-2021 9
6.0,10.0,2021.0,10.0,24.666666666666668,44.833333333333336,6-10-2021 10
6.0,10.0,2021.0,11.0,27.593220338983052,39.728813559322035,6-10-2021 11
6.0,10.0,2021.0,12.0,29.483333333333334,35.93333333333333,6-10-2021 12
6.0,10.0,2021.0,13.0,31.333333333333332,31.733333333333334,6-10-2021 13
6.0,10.0,2021.0,14.0,32.3,29.4,6-10-2021 14
6.0,10.0,2021.0,15.0,30.516666666666666,34.2,6-10-2021 15
6.0,10.0,2021.0,16.0,26.533333333333335,45.86666666666667,6-10-2021 16
6.0,10.0,2021.0,17.0,24.25,52.15,6-10-2021 17
6.0,10.0,2021.0,18.0,22.8,55.46666666666667,6-10-2021 18
6.0,10.0,2021.0,19.0,22.0,56.516666666666666,6-10-2021 19
6.0,10.0,2021.0,20.0,21.833333333333332,56.71666666666667,6-10-2021 20
6.0,10.0,2021.0,21.0,21.133333333333333,57.68333333333333,6-10-2021 21
6.0,10.0,2021.0,22.0,20.966666666666665,59.55,6-10-2021 22
6.0,10.0,2021.0,23.0,20.016666666666666,64.7,6-10-2021 23
7.0,10.0,2021.0,0.0,20.0,65.21666666666667,7-10-2021 0
7.0,10.0,2021.0,1.0,19.983333333333334,67.78333333333333,7-10-2021 1
7.0,10.0,2021.0,2.0,20.0,68.78333333333333,7-10-2021 2
7.0,10.0,2021.0,3.0,19.883333333333333,70.38333333333334,7-10-2021 3
7.0,10.0,2021.0,4.0,19.233333333333334,73.0,7-10-2021 4
7.0,10.0,2021.0,5.0,19.0,74.11666666666666,7-10-2021 5
7.0,10.0,2021.0,6.0,19.283333333333335,75.43333333333334,7-10-2021 6
7.0,10.0,2021.0,7.0,20.0,73.78333333333333,7-10-2021 7
7.0,10.0,2021.0,8.0,20.76271186440678,64.23728813559322,7-10-2021 8
7.0,10.0,2021.0,9.0,22.0,54.47457627118644,7-10-2021 9
7.0,10.0,2021.0,10.0,22.3,52.516666666666666,7-10-2021 10
7.0,10.0,2021.0,11.0,22.216666666666665,55.55,7-10-2021 11
7.0,10.0,2021.0,12.0,21.133333333333333,54.416666666666664,7-10-2021 12
7.0,10.0,2021.0,13.0,20.066666666666666,57.516666666666666,7-10-2021 13
7.0,10.0,2021.0,14.0,19.847457627118644,56.96610169491525,7-10-2021 14
7.0,10.0,2021.0,15.0,19.183333333333334,57.1,7-10-2021 15
7.0,10.0,2021.0,16.0,19.0,58.016666666666666,7-10-2021 16
7.0,10.0,2021.0,17.0,19.0,58.68333333333333,7-10-2021 17
7.0,10.0,2021.0,18.0,18.333333333333332,61.9,7-10-2021 18
7.0,10.0,2021.0,19.0,18.0,61.483333333333334,7-10-2021 19
7.0,10.0,2021.0,20.0,18.0,61.766666666666666,7-10-2021 20
7.0,10.0,2021.0,21.0,18.0,62.416666666666664,7-10-2021 21
7.0,10.0,2021.0,22.0,18.0,67.6,7-10-2021 22
7.0,10.0,2021.0,23.0,17.05,65.3,7-10-2021 23
8.0,10.0,2021.0,0.0,17.0,64.5,8-10-2021 0
8.0,10.0,2021.0,1.0,17.0,69.38333333333334,8-10-2021 1
8.0,10.0,2021.0,2.0,16.516666666666666,70.53333333333333,8-10-2021 2
8.0,10.0,2021.0,3.0,16.0,66.46666666666667,8-10-2021 3
8.0,10.0,2021.0,4.0,16.0,64.1,8-10-2021 4
8.0,10.0,2021.0,5.0,16.0,64.33333333333333,8-10-2021 5
8.0,10.0,2021.0,6.0,16.0,61.833333333333336,8-10-2021 6
8.0,10.0,2021.0,7.0,17.3,57.95,8-10-2021 7
8.0,10.0,2021.0,8.0,18.96551724137931,50.44827586206897,8-10-2021 8
8.0,10.0,2021.0,9.0,20.9,43.81666666666667,8-10-2021 9
8.0,10.0,2021.0,10.0,22.85,38.78333333333333,8-10-2021 10
8.0,10.0,2021.0,11.0,23.483333333333334,38.9,8-10-2021 11
8.0,10.0,2021.0,12.0,26.05,34.083333333333336,8-10-2021 12
8.0,10.0,2021.0,13.0,27.2,31.766666666666666,8-10-2021 13
8.0,10.0,2021.0,14.0,27.95,31.283333333333335,8-10-2021 14
8.0,10.0,2021.0,15.0,27.166666666666668,33.63333333333333,8-10-2021 15
8.0,10.0,2021.0,16.0,24.133333333333333,39.7,8-10-2021 16
8.0,10.0,2021.0,17.0,21.5,47.43333333333333,8-10-2021 17
8.0,10.0,2021.0,18.0,20.166666666666668,51.516666666666666,8-10-2021 18
8.0,10.0,2021.0,19.0,19.85,54.766666666666666,8-10-2021 19
8.0,10.0,2021.0,20.0,19.016666666666666,57.583333333333336,8-10-2021 20
8.0,10.0,2021.0,21.0,19.0,57.45,8-10-2021 21
8.0,10.0,2021.0,22.0,19.0,56.416666666666664,8-10-2021 22
8.0,10.0,2021.0,23.0,18.65,57.15,8-10-2021 23
9.0,10.0,2021.0,0.0,18.0,59.516666666666666,9-10-2021 0
9.0,10.0,2021.0,1.0,18.0,68.81666666666666,9-10-2021 1
9.0,10.0,2021.0,2.0,17.333333333333332,74.36666666666666,9-10-2021 2
9.0,10.0,2021.0,3.0,17.0,75.06666666666666,9-10-2021 3
9.0,10.0,2021.0,4.0,17.0,72.65,9-10-2021 4
9.0,10.0,2021.0,5.0,17.0,68.7,9-10-2021 5
9.0,10.0,2021.0,6.0,17.0,66.61666666666666,9-10-2021 6
9.0,10.0,2021.0,7.0,17.0,64.71666666666667,9-10-2021 7
9.0,10.0,2021.0,8.0,17.89830508474576,60.932203389830505,9-10-2021 8
9.0,10.0,2021.0,9.0,18.0,59.75,9-10-2021 9
9.0,10.0,2021.0,10.0,18.0,67.85,9-10-2021 10
9.0,10.0,2021.0,11.0,18.65,69.2,9-10-2021 11
9.0,10.0,2021.0,12.0,19.0,70.66666666666667,9-10-2021 12
9.0,10.0,2021.0,13.0,18.283333333333335,74.76666666666667,9-10-2021 13
9.0,10.0,2021.0,14.0,18.583333333333332,76.55,9-10-2021 14
9.0,10.0,2021.0,15.0,18.593220338983052,77.8135593220339,9-10-2021 15
9.0,10.0,2021.0,16.0,18.6,81.11666666666666,9-10-2021 16
9.0,10.0,2021.0,17.0,17.583333333333332,79.48333333333333,9-10-2021 17
9.0,10.0,2021.0,18.0,17.0,77.23333333333333,9-10-2021 18
9.0,10.0,2021.0,19.0,17.0,78.60655737704919,9-10-2021 19
9.0,10.0,2021.0,20.0,17.0,79.76923076923077,9-10-2021 20
9.0,10.0,2021.0,22.0,17.0,80.87179487179488,9-10-2021 22
9.0,10.0,2021.0,23.0,16.95,81.2,9-10-2021 23
10.0,10.0,2021.0,0.0,16.366666666666667,83.06666666666666,10-10-2021 0
10.0,10.0,2021.0,1.0,16.0,84.81666666666666,10-10-2021 1
10.0,10.0,2021.0,2.0,16.0,83.93333333333334,10-10-2021 2
10.0,10.0,2021.0,3.0,16.0,83.41666666666667,10-10-2021 3
10.0,10.0,2021.0,4.0,16.0,83.18333333333334,10-10-2021 4
10.0,10.0,2021.0,5.0,16.0,83.08333333333333,10-10-2021 5
10.0,10.0,2021.0,6.0,16.0,81.7,10-10-2021 6
10.0,10.0,2021.0,7.0,16.0,81.26666666666667,10-10-2021 7
10.0,10.0,2021.0,8.0,16.966101694915253,79.98305084745763,10-10-2021 8
10.0,10.0,2021.0,9.0,17.35,77.25,10-10-2021 9
10.0,10.0,2021.0,10.0,18.0,77.47457627118644,10-10-2021 10
10.0,10.0,2021.0,11.0,18.5,77.76666666666667,10-10-2021 11
10.0,10.0,2021.0,12.0,18.583333333333332,77.01666666666667,10-10-2021 12
10.0,10.0,2021.0,13.0,18.833333333333332,74.65,10-10-2021 13
10.0,10.0,2021.0,14.0,18.35593220338983,74.13559322033899,10-10-2021 14
10.0,10.0,2021.0,15.0,18.74576271186441,71.05084745762711,10-10-2021 15
10.0,10.0,2021.0,16.0,18.0,73.55,10-10-2021 16
10.0,10.0,2021.0,17.0,17.966101694915253,80.67796610169492,10-10-2021 17
10.0,10.0,2021.0,18.0,17.366666666666667,82.01666666666667,10-10-2021 18
10.0,10.0,2021.0,19.0,17.0,81.56666666666666,10-10-2021 19
10.0,10.0,2021.0,20.0,17.0,83.18333333333334,10-10-2021 20
10.0,10.0,2021.0,21.0,17.0,84.33333333333333,10-10-2021 21
10.0,10.0,2021.0,22.0,17.0,84.36666666666666,10-10-2021 22
10.0,10.0,2021.0,23.0,17.0,84.6,10-10-2021 23
11.0,10.0,2021.0,0.0,17.0,84.0,11-10-2021 0
11.0,10.0,2021.0,1.0,16.433333333333334,84.03333333333333,11-10-2021 1
11.0,10.0,2021.0,2.0,16.0,83.88333333333334,11-10-2021 2
11.0,10.0,2021.0,3.0,16.0,83.56666666666666,11-10-2021 3
11.0,10.0,2021.0,4.0,16.0,83.96666666666667,11-10-2021 4
11.0,10.0,2021.0,5.0,16.0,84.0,11-10-2021 5
11.0,10.0,2021.0,6.0,16.583333333333332,81.91666666666667,11-10-2021 6
11.0,10.0,2021.0,7.0,17.0,76.15,11-10-2021 7
11.0,10.0,2021.0,8.0,17.616666666666667,73.31666666666666,11-10-2021 8
11.0,10.0,2021.0,9.0,18.583333333333332,68.9,11-10-2021 9
11.0,10.0,2021.0,10.0,19.016949152542374,64.66101694915254,11-10-2021 10
11.0,10.0,2021.0,11.0,19.70175438596491,60.719298245614034,11-10-2021 11
11.0,10.0,2021.0,12.0,20.610169491525422,56.16949152542373,11-10-2021 12
11.0,10.0,2021.0,13.0,20.216666666666665,57.483333333333334,11-10-2021 13
11.0,10.0,2021.0,14.0,19.5,62.61666666666667,11-10-2021 14
11.0,10.0,2021.0,15.0,19.0,72.38333333333334,11-10-2021 15
11.0,10.0,2021.0,16.0,19.0,81.40677966101696,11-10-2021 16
11.0,10.0,2021.0,17.0,18.383333333333333,80.31666666666666,11-10-2021 17
11.0,10.0,2021.0,18.0,18.0,79.71666666666667,11-10-2021 18
11.0,10.0,2021.0,19.0,18.0,80.11666666666666,11-10-2021 19
11.0,10.0,2021.0,20.0,18.0,81.25,11-10-2021 20
11.0,10.0,2021.0,21.0,18.0,80.95,11-10-2021 21
11.0,10.0,2021.0,22.0,17.15,78.36666666666666,11-10-2021 22
11.0,10.0,2021.0,23.0,17.0,76.76666666666667,11-10-2021 23
12.0,10.0,2021.0,0.0,17.0,74.68333333333334,12-10-2021 0
12.0,10.0,2021.0,1.0,17.0,75.48333333333333,12-10-2021 1
12.0,10.0,2021.0,2.0,16.9,75.06666666666666,12-10-2021 2
12.0,10.0,2021.0,3.0,16.833333333333332,74.71666666666667,12-10-2021 3
12.0,10.0,2021.0,4.0,16.366666666666667,74.0,12-10-2021 4
12.0,10.0,2021.0,5.0,16.0,74.93333333333334,12-10-2021 5
12.0,10.0,2021.0,6.0,16.166666666666668,74.38333333333334,12-10-2021 6
12.0,10.0,2021.0,7.0,17.366666666666667,69.55,12-10-2021 7
12.0,10.0,2021.0,8.0,19.0,60.21666666666667,12-10-2021 8
12.0,10.0,2021.0,9.0,20.433333333333334,54.233333333333334,12-10-2021 9
12.0,10.0,2021.0,10.0,22.233333333333334,48.21666666666667,12-10-2021 10
12.0,10.0,2021.0,11.0,25.3,40.11666666666667,12-10-2021 11
12.0,10.0,2021.0,12.0,27.25,35.88333333333333,12-10-2021 12
12.0,10.0,2021.0,13.0,28.29824561403509,32.73684210526316,12-10-2021 13
12.0,10.0,2021.0,14.0,25.103448275862068,39.206896551724135,12-10-2021 14
12.0,10.0,2021.0,15.0,22.85,56.833333333333336,12-10-2021 15
12.0,10.0,2021.0,16.0,23.216666666666665,63.733333333333334,12-10-2021 16
12.0,10.0,2021.0,17.0,21.5,64.43333333333334,12-10-2021 17
12.0,10.0,2021.0,18.0,20.966666666666665,65.91666666666667,12-10-2021 18
12.0,10.0,2021.0,19.0,20.033333333333335,66.01666666666667,12-10-2021 19
12.0,10.0,2021.0,20.0,20.0,64.28333333333333,12-10-2021 20
12.0,10.0,2021.0,21.0,19.566666666666666,64.43333333333334,12-10-2021 21
12.0,10.0,2021.0,22.0,19.0,65.4,12-10-2021 22
12.0,10.0,2021.0,23.0,19.0,67.2,12-10-2021 23
13.0,10.0,2021.0,0.0,19.0,68.66666666666667,13-10-2021 0
13.0,10.0,2021.0,1.0,19.0,70.46666666666667,13-10-2021 1
13.0,10.0,2021.0,2.0,18.083333333333332,70.95,13-10-2021 2
13.0,10.0,2021.0,3.0,18.0,70.83333333333333,13-10-2021 3
13.0,10.0,2021.0,4.0,18.0,70.91666666666667,13-10-2021 4
13.0,10.0,2021.0,5.0,18.0,72.61666666666666,13-10-2021 5
13.0,10.0,2021.0,6.0,18.0,73.25,13-10-2021 6
13.0,10.0,2021.0,7.0,18.133333333333333,71.86666666666666,13-10-2021 7
13.0,10.0,2021.0,8.0,19.716666666666665,62.9,13-10-2021 8
13.0,10.0,2021.0,9.0,22.416666666666668,50.733333333333334,13-10-2021 9
13.0,10.0,2021.0,10.0,24.610169491525422,43.983050847457626,13-10-2021 10
13.0,10.0,2021.0,11.0,27.508474576271187,36.779661016949156,13-10-2021 11
13.0,10.0,2021.0,12.0,28.586206896551722,30.74137931034483,13-10-2021 12
13.0,10.0,2021.0,13.0,28.152542372881356,31.135593220338983,13-10-2021 13
13.0,10.0,2021.0,14.0,28.75862068965517,29.93103448275862,13-10-2021 14
13.0,10.0,2021.0,15.0,26.551724137931036,43.13793103448276,13-10-2021 15
13.0,10.0,2021.0,16.0,24.966666666666665,47.63333333333333,13-10-2021 16
13.0,10.0,2021.0,17.0,23.203389830508474,52.67796610169491,13-10-2021 17
13.0,10.0,2021.0,18.0,22.29310344827586,54.10344827586207,13-10-2021 18
13.0,10.0,2021.0,19.0,21.783333333333335,57.28333333333333,13-10-2021 19
13.0,10.0,2021.0,20.0,21.0,57.65,13-10-2021 20
13.0,10.0,2021.0,21.0,21.0,59.03333333333333,13-10-2021 21
13.0,10.0,2021.0,22.0,20.566666666666666,62.5,13-10-2021 22
13.0,10.0,2021.0,23.0,19.85,67.16666666666667,13-10-2021 23
14.0,10.0,2021.0,0.0,19.0,70.6,14-10-2021 0
14.0,10.0,2021.0,1.0,19.0,72.26666666666667,14-10-2021 1
14.0,10.0,2021.0,2.0,18.533333333333335,74.26666666666667,14-10-2021 2
14.0,10.0,2021.0,3.0,18.0,76.68333333333334,14-10-2021 3
14.0,10.0,2021.0,4.0,18.0,78.76666666666667,14-10-2021 4
14.0,10.0,2021.0,5.0,18.0,79.0,14-10-2021 5
14.0,10.0,2021.0,6.0,18.25,76.51666666666667,14-10-2021 6
14.0,10.0,2021.0,7.0,19.516666666666666,68.78333333333333,14-10-2021 7
14.0,10.0,2021.0,8.0,21.155172413793103,59.36206896551724,14-10-2021 8
14.0,10.0,2021.0,9.0,23.45762711864407,49.42372881355932,14-10-2021 9
14.0,10.0,2021.0,10.0,24.46511627906977,46.093023255813954,14-10-2021 10
14.0,10.0,2021.0,11.0,25.135593220338983,44.71186440677966,14-10-2021 11
14.0,10.0,2021.0,12.0,27.833333333333332,35.03333333333333,14-10-2021 12
14.0,10.0,2021.0,13.0,28.633333333333333,30.883333333333333,14-10-2021 13
14.0,10.0,2021.0,14.0,27.338983050847457,35.16949152542373,14-10-2021 14
14.0,10.0,2021.0,15.0,26.8,37.9,14-10-2021 15
14.0,10.0,2021.0,16.0,26.0,40.440677966101696,14-10-2021 16
14.0,10.0,2021.0,17.0,25.766666666666666,46.05,14-10-2021 17
14.0,10.0,2021.0,18.0,21.620689655172413,75.27586206896552,14-10-2021 18
14.0,10.0,2021.0,19.0,20.766666666666666,67.8,14-10-2021 19
14.0,10.0,2021.0,20.0,20.85,66.81666666666666,14-10-2021 20
14.0,10.0,2021.0,21.0,20.75,67.83333333333333,14-10-2021 21
14.0,10.0,2021.0,22.0,20.366666666666667,67.43333333333334,14-10-2021 22
14.0,10.0,2021.0,23.0,20.0,71.05,14-10-2021 23
15.0,10.0,2021.0,0.0,20.0,71.55,15-10-2021 0
15.0,10.0,2021.0,1.0,19.766666666666666,70.75,15-10-2021 1
15.0,10.0,2021.0,2.0,19.0,66.2,15-10-2021 2
15.0,10.0,2021.0,3.0,19.0,64.38333333333334,15-10-2021 3
15.0,10.0,2021.0,4.0,19.0,64.91666666666667,15-10-2021 4
15.0,10.0,2021.0,5.0,19.0,65.83333333333333,15-10-2021 5
15.0,10.0,2021.0,6.0,19.283333333333335,64.2,15-10-2021 6
15.0,10.0,2021.0,7.0,20.866666666666667,57.1,15-10-2021 7
15.0,10.0,2021.0,8.0,22.847457627118644,49.644067796610166,15-10-2021 8
15.0,10.0,2021.0,9.0,24.066666666666666,47.516666666666666,15-10-2021 9
15.0,10.0,2021.0,10.0,25.95,43.53333333333333,15-10-2021 10
15.0,10.0,2021.0,11.0,28.224137931034484,36.98275862068966,15-10-2021 11
15.0,10.0,2021.0,12.0,28.916666666666668,34.483333333333334,15-10-2021 12
15.0,10.0,2021.0,13.0,29.433333333333334,34.016666666666666,15-10-2021 13
15.0,10.0,2021.0,14.0,29.516666666666666,34.06666666666667,15-10-2021 14
15.0,10.0,2021.0,15.0,28.516666666666666,36.85,15-10-2021 15
15.0,10.0,2021.0,16.0,27.29310344827586,42.93103448275862,15-10-2021 16
15.0,10.0,2021.0,17.0,26.083333333333332,50.6,15-10-2021 17
15.0,10.0,2021.0,18.0,23.95,58.166666666666664,15-10-2021 18
15.0,10.0,2021.0,19.0,23.266666666666666,62.86666666666667,15-10-2021 19
15.0,10.0,2021.0,20.0,22.7,65.48333333333333,15-10-2021 20
15.0,10.0,2021.0,21.0,22.0,68.26666666666667,15-10-2021 21
15.0,10.0,2021.0,22.0,21.966666666666665,71.0,15-10-2021 22
15.0,10.0,2021.0,23.0,20.083333333333332,80.41666666666667,15-10-2021 23
16.0,10.0,2021.0,0.0,19.766666666666666,79.55,16-10-2021 0
16.0,10.0,2021.0,1.0,19.783333333333335,80.48333333333333,16-10-2021 1
16.0,10.0,2021.0,2.0,19.933333333333334,76.53333333333333,16-10-2021 2
16.0,10.0,2021.0,3.0,19.933333333333334,72.41666666666667,16-10-2021 3
16.0,10.0,2021.0,4.0,19.666666666666668,73.91666666666667,16-10-2021 4
16.0,10.0,2021.0,5.0,19.116666666666667,77.75,16-10-2021 5
16.0,10.0,2021.0,6.0,19.683333333333334,76.5,16-10-2021 6
16.0,10.0,2021.0,7.0,20.966666666666665,68.75,16-10-2021 7
16.0,10.0,2021.0,8.0,22.620689655172413,59.37931034482759,16-10-2021 8
16.0,10.0,2021.0,9.0,24.322033898305083,51.42372881355932,16-10-2021 9
16.0,10.0,2021.0,10.0,25.916666666666668,45.016666666666666,16-10-2021 10
16.0,10.0,2021.0,11.0,27.396551724137932,39.06896551724138,16-10-2021 11
16.0,10.0,2021.0,12.0,27.016666666666666,40.13333333333333,16-10-2021 12
16.0,10.0,2021.0,13.0,26.716666666666665,40.4,16-10-2021 13
16.0,10.0,2021.0,14.0,25.406779661016948,50.847457627118644,16-10-2021 14
16.0,10.0,2021.0,15.0,24.142857142857142,58.57142857142857,16-10-2021 15
17.0,10.0,2021.0,13.0,20.0,61.25,17-10-2021 13
17.0,10.0,2021.0,14.0,20.0,62.0,17-10-2021 14
17.0,10.0,2021.0,15.0,19.216666666666665,63.46666666666667,17-10-2021 15
17.0,10.0,2021.0,16.0,19.0,66.81666666666666,17-10-2021 16
17.0,10.0,2021.0,17.0,19.0,65.61016949152543,17-10-2021 17
17.0,10.0,2021.0,18.0,18.716666666666665,65.25,17-10-2021 18
17.0,10.0,2021.0,19.0,18.033333333333335,65.71666666666667,17-10-2021 19
17.0,10.0,2021.0,20.0,18.0,66.66666666666667,17-10-2021 20
17.0,10.0,2021.0,21.0,18.0,69.71666666666667,17-10-2021 21
17.0,10.0,2021.0,22.0,18.0,71.25,17-10-2021 22
17.0,10.0,2021.0,23.0,18.0,72.11666666666666,17-10-2021 23
18.0,10.0,2021.0,0.0,17.216666666666665,77.2,18-10-2021 0
18.0,10.0,2021.0,1.0,17.0,81.83333333333333,18-10-2021 1
18.0,10.0,2021.0,2.0,17.0,84.28333333333333,18-10-2021 2
18.0,10.0,2021.0,3.0,17.0,84.61666666666666,18-10-2021 3
18.0,10.0,2021.0,4.0,17.0,85.18333333333334,18-10-2021 4
18.0,10.0,2021.0,5.0,17.0,85.7,18-10-2021 5
18.0,10.0,2021.0,6.0,17.0,85.51666666666667,18-10-2021 6
18.0,10.0,2021.0,7.0,17.0,82.9,18-10-2021 7
18.0,10.0,2021.0,8.0,17.0,83.51666666666667,18-10-2021 8
18.0,10.0,2021.0,9.0,17.683333333333334,80.71666666666667,18-10-2021 9
18.0,10.0,2021.0,10.0,18.016666666666666,74.75,18-10-2021 10
18.0,10.0,2021.0,11.0,18.0,73.28333333333333,18-10-2021 11
18.0,10.0,2021.0,12.0,18.0,74.3,18-10-2021 12
18.0,10.0,2021.0,13.0,18.0,79.53333333333333,18-10-2021 13
18.0,10.0,2021.0,14.0,18.2,73.4,18-10-2021 14
18.0,10.0,2021.0,15.0,18.0,72.13333333333334,18-10-2021 15
18.0,10.0,2021.0,16.0,18.0,72.7843137254902,18-10-2021 16
18.0,10.0,2021.0,17.0,17.566666666666666,74.21666666666667,18-10-2021 17
18.0,10.0,2021.0,18.0,17.0,74.6,18-10-2021 18
18.0,10.0,2021.0,19.0,17.0,75.05,18-10-2021 19
18.0,10.0,2021.0,20.0,17.0,74.5,18-10-2021 20
18.0,10.0,2021.0,21.0,17.0,74.28333333333333,18-10-2021 21
18.0,10.0,2021.0,22.0,17.0,75.0,18-10-2021 22
18.0,10.0,2021.0,23.0,17.0,75.16666666666667,18-10-2021 23
19.0,10.0,2021.0,0.0,17.0,77.93333333333334,19-10-2021 0
19.0,10.0,2021.0,1.0,17.0,79.85,19-10-2021 1
19.0,10.0,2021.0,2.0,17.0,79.2,19-10-2021 2
19.0,10.0,2021.0,3.0,17.0,78.13333333333334,19-10-2021 3
19.0,10.0,2021.0,4.0,16.633333333333333,81.85,19-10-2021 4
19.0,10.0,2021.0,5.0,16.0,84.78333333333333,19-10-2021 5
19.0,10.0,2021.0,6.0,16.0,84.3,19-10-2021 6
19.0,10.0,2021.0,7.0,16.733333333333334,77.01666666666667,19-10-2021 7
19.0,10.0,2021.0,8.0,17.050847457627118,70.72881355932203,19-10-2021 8
19.0,10.0,2021.0,9.0,17.766666666666666,64.91666666666667,19-10-2021 9
19.0,10.0,2021.0,10.0,18.0,62.71186440677966,19-10-2021 10
19.0,10.0,2021.0,11.0,18.0,63.483333333333334,19-10-2021 11
19.0,10.0,2021.0,12.0,18.133333333333333,61.516666666666666,19-10-2021 12
19.0,10.0,2021.0,13.0,17.610169491525422,66.10169491525424,19-10-2021 13
19.0,10.0,2021.0,14.0,17.05,73.81666666666666,19-10-2021 14
19.0,10.0,2021.0,15.0,16.983333333333334,74.96666666666667,19-10-2021 15
19.0,10.0,2021.0,16.0,16.0,73.3,19-10-2021 16
19.0,10.0,2021.0,17.0,15.9,72.36666666666666,19-10-2021 17
19.0,10.0,2021.0,18.0,15.0,72.56666666666666,19-10-2021 18
19.0,10.0,2021.0,19.0,14.883333333333333,71.41666666666667,19-10-2021 19
19.0,10.0,2021.0,20.0,14.1,74.05,19-10-2021 20
19.0,10.0,2021.0,21.0,14.0,76.36666666666666,19-10-2021 21
19.0,10.0,2021.0,22.0,14.0,77.16666666666667,19-10-2021 22
19.0,10.0,2021.0,23.0,13.983333333333333,77.9,19-10-2021 23
20.0,10.0,2021.0,0.0,13.966666666666667,77.96666666666667,20-10-2021 0
20.0,10.0,2021.0,1.0,13.4,77.2,20-10-2021 1
20.0,10.0,2021.0,2.0,13.416666666666666,76.6,20-10-2021 2
20.0,10.0,2021.0,3.0,13.3,80.5,20-10-2021 3
20.0,10.0,2021.0,4.0,13.4,81.95,20-10-2021 4
20.0,10.0,2021.0,5.0,13.616666666666667,79.45,20-10-2021 5
20.0,10.0,2021.0,6.0,14.0,76.21666666666667,20-10-2021 6
20.0,10.0,2021.0,7.0,14.783333333333333,69.53333333333333,20-10-2021 7
20.0,10.0,2021.0,8.0,15.616666666666667,62.166666666666664,20-10-2021 8
20.0,10.0,2021.0,9.0,16.491525423728813,58.49152542372882,20-10-2021 9
20.0,10.0,2021.0,10.0,17.683333333333334,53.31666666666667,20-10-2021 10
20.0,10.0,2021.0,11.0,18.10169491525424,52.779661016949156,20-10-2021 11
20.0,10.0,2021.0,12.0,17.283333333333335,53.916666666666664,20-10-2021 12
20.0,10.0,2021.0,13.0,17.0,54.516666666666666,20-10-2021 13
20.0,10.0,2021.0,14.0,17.0,56.233333333333334,20-10-2021 14
20.0,10.0,2021.0,15.0,16.23728813559322,58.83050847457627,20-10-2021 15
20.0,10.0,2021.0,16.0,15.933333333333334,55.983333333333334,20-10-2021 16
20.0,10.0,2021.0,17.0,15.2,57.78333333333333,20-10-2021 17
20.0,10.0,2021.0,18.0,15.0,59.65,20-10-2021 18
20.0,10.0,2021.0,19.0,15.0,66.36666666666666,20-10-2021 19
20.0,10.0,2021.0,20.0,15.0,67.38333333333334,20-10-2021 20
20.0,10.0,2021.0,21.0,15.0,68.06666666666666,20-10-2021 21
20.0,10.0,2021.0,22.0,14.833333333333334,68.96666666666667,20-10-2021 22
20.0,10.0,2021.0,23.0,14.233333333333333,75.43333333333334,20-10-2021 23
21.0,10.0,2021.0,0.0,14.0,75.78333333333333,21-10-2021 0
21.0,10.0,2021.0,1.0,14.0,76.4,21-10-2021 1
21.0,10.0,2021.0,2.0,14.0,74.58333333333333,21-10-2021 2
21.0,10.0,2021.0,3.0,14.0,73.65,21-10-2021 3
21.0,10.0,2021.0,4.0,14.0,73.0,21-10-2021 4
21.0,10.0,2021.0,5.0,14.0,72.7,21-10-2021 5
21.0,10.0,2021.0,6.0,14.083333333333334,69.8,21-10-2021 6
21.0,10.0,2021.0,7.0,14.95,64.0,21-10-2021 7
21.0,10.0,2021.0,8.0,16.433333333333334,54.31666666666667,21-10-2021 8
21.0,10.0,2021.0,9.0,18.566666666666666,45.266666666666666,21-10-2021 9
21.0,10.0,2021.0,10.0,20.283333333333335,40.2,21-10-2021 10
21.0,10.0,2021.0,11.0,22.35593220338983,33.847457627118644,21-10-2021 11
21.0,10.0,2021.0,12.0,22.29310344827586,34.53448275862069,21-10-2021 12
21.0,10.0,2021.0,13.0,23.5,33.96666666666667,21-10-2021 13
21.0,10.0,2021.0,14.0,24.633333333333333,32.1,21-10-2021 14
21.0,10.0,2021.0,15.0,23.35,35.733333333333334,21-10-2021 15
21.0,10.0,2021.0,16.0,21.45,41.18333333333333,21-10-2021 16
21.0,10.0,2021.0,17.0,19.383333333333333,46.9,21-10-2021 17
21.0,10.0,2021.0,18.0,18.283333333333335,52.63333333333333,21-10-2021 18
21.0,10.0,2021.0,19.0,18.0,54.8,21-10-2021 19
21.0,10.0,2021.0,20.0,17.6,55.31666666666667,21-10-2021 20
21.0,10.0,2021.0,21.0,17.0,56.55,21-10-2021 21
21.0,10.0,2021.0,22.0,17.0,59.18333333333333,21-10-2021 22
21.0,10.0,2021.0,23.0,17.0,62.416666666666664,21-10-2021 23
22.0,10.0,2021.0,0.0,16.7,64.21666666666667,22-10-2021 0
22.0,10.0,2021.0,1.0,16.0,63.45,22-10-2021 1
22.0,10.0,2021.0,2.0,16.0,65.0,22-10-2021 2
22.0,10.0,2021.0,3.0,15.65,68.53333333333333,22-10-2021 3
22.0,10.0,2021.0,4.0,15.0,72.65,22-10-2021 4
22.0,10.0,2021.0,5.0,15.0,74.76666666666667,22-10-2021 5
22.0,10.0,2021.0,6.0,15.633333333333333,72.65,22-10-2021 6
22.0,10.0,2021.0,7.0,16.966666666666665,64.33333333333333,22-10-2021 7
22.0,10.0,2021.0,8.0,18.55,55.95,22-10-2021 8
22.0,10.0,2021.0,9.0,20.733333333333334,44.31666666666667,22-10-2021 9
22.0,10.0,2021.0,10.0,22.610169491525422,33.6271186440678,22-10-2021 10
22.0,10.0,2021.0,11.0,24.85,25.816666666666666,22-10-2021 11
22.0,10.0,2021.0,12.0,26.283333333333335,20.4,22-10-2021 12
22.0,10.0,2021.0,13.0,27.25,18.383333333333333,22-10-2021 13
22.0,10.0,2021.0,14.0,28.3,17.75,22-10-2021 14
22.0,10.0,2021.0,15.0,27.661016949152543,28.847457627118644,22-10-2021 15
22.0,10.0,2021.0,16.0,25.65,33.6,22-10-2021 16
22.0,10.0,2021.0,17.0,22.93220338983051,32.016949152542374,22-10-2021 17
22.0,10.0,2021.0,18.0,21.45,35.96666666666667,22-10-2021 18
22.0,10.0,2021.0,19.0,20.433333333333334,41.71666666666667,22-10-2021 19
22.0,10.0,2021.0,20.0,19.783333333333335,46.71666666666667,22-10-2021 20
22.0,10.0,2021.0,21.0,19.0,49.7,22-10-2021 21
22.0,10.0,2021.0,22.0,18.533333333333335,53.35,22-10-2021 22
22.0,10.0,2021.0,23.0,18.0,56.3,22-10-2021 23
23.0,10.0,2021.0,0.0,18.0,59.68333333333333,23-10-2021 0
23.0,10.0,2021.0,1.0,17.083333333333332,63.15,23-10-2021 1
23.0,10.0,2021.0,2.0,17.0,65.51666666666667,23-10-2021 2
23.0,10.0,2021.0,3.0,17.0,68.5,23-10-2021 3
23.0,10.0,2021.0,4.0,17.0,70.98333333333333,23-10-2021 4
23.0,10.0,2021.0,5.0,16.55,72.35,23-10-2021 5
23.0,10.0,2021.0,6.0,16.916666666666668,71.3,23-10-2021 6
23.0,10.0,2021.0,7.0,18.016666666666666,64.4,23-10-2021 7
23.0,10.0,2021.0,8.0,19.666666666666668,56.15,23-10-2021 8
23.0,10.0,2021.0,9.0,21.728813559322035,47.610169491525426,23-10-2021 9
23.0,10.0,2021.0,10.0,23.93220338983051,41.983050847457626,23-10-2021 10
23.0,10.0,2021.0,11.0,26.166666666666668,34.766666666666666,23-10-2021 11
23.0,10.0,2021.0,12.0,28.4,25.883333333333333,23-10-2021 12
23.0,10.0,2021.0,13.0,29.85,18.133333333333333,23-10-2021 13
23.0,10.0,2021.0,14.0,30.883333333333333,16.25,23-10-2021 14
23.0,10.0,2021.0,15.0,30.333333333333332,15.066666666666666,23-10-2021 15
23.0,10.0,2021.0,16.0,29.864406779661017,15.186440677966102,23-10-2021 16
23.0,10.0,2021.0,17.0,28.627118644067796,16.491525423728813,23-10-2021 17
23.0,10.0,2021.0,18.0,27.866666666666667,17.433333333333334,23-10-2021 18
23.0,10.0,2021.0,19.0,26.54237288135593,22.0,23-10-2021 19
23.0,10.0,2021.0,20.0,26.0,25.7,23-10-2021 20
23.0,10.0,2021.0,21.0,25.152542372881356,27.76271186440678,23-10-2021 21
23.0,10.0,2021.0,22.0,25.0,27.883333333333333,23-10-2021 22
23.0,10.0,2021.0,23.0,24.05,44.05,23-10-2021 23
24.0,10.0,2021.0,0.0,22.633333333333333,60.05,24-10-2021 0
24.0,10.0,2021.0,1.0,22.0,62.65,24-10-2021 1
24.0,10.0,2021.0,2.0,20.633333333333333,72.0,24-10-2021 2
24.0,10.0,2021.0,3.0,20.0,74.53333333333333,24-10-2021 3
24.0,10.0,2021.0,4.0,19.733333333333334,75.58333333333333,24-10-2021 4
24.0,10.0,2021.0,5.0,19.15,78.25,24-10-2021 5
24.0,10.0,2021.0,6.0,19.466666666666665,81.1,24-10-2021 6
24.0,10.0,2021.0,7.0,19.216666666666665,80.45,24-10-2021 7
24.0,10.0,2021.0,8.0,19.796610169491526,79.49152542372882,24-10-2021 8
24.0,10.0,2021.0,9.0,20.366666666666667,71.66666666666667,24-10-2021 9
24.0,10.0,2021.0,10.0,21.483333333333334,62.4,24-10-2021 10
24.0,10.0,2021.0,11.0,22.666666666666668,54.88333333333333,24-10-2021 11
24.0,10.0,2021.0,12.0,22.46551724137931,57.58620689655172,24-10-2021 12
24.0,10.0,2021.0,13.0,22.89830508474576,57.67796610169491,24-10-2021 13
24.0,10.0,2021.0,14.0,21.2,64.08333333333333,24-10-2021 14
24.0,10.0,2021.0,15.0,21.0,69.57627118644068,24-10-2021 15
24.0,10.0,2021.0,16.0,20.683333333333334,73.18333333333334,24-10-2021 16
24.0,10.0,2021.0,17.0,19.28813559322034,72.33898305084746,24-10-2021 17
24.0,10.0,2021.0,18.0,19.0,68.18333333333334,24-10-2021 18
24.0,10.0,2021.0,19.0,18.783333333333335,67.28333333333333,24-10-2021 19
24.0,10.0,2021.0,20.0,18.016666666666666,64.8,24-10-2021 20
24.0,10.0,2021.0,21.0,17.716666666666665,54.96666666666667,24-10-2021 21
24.0,10.0,2021.0,22.0,17.0,61.7,24-10-2021 22
24.0,10.0,2021.0,23.0,17.0,62.416666666666664,24-10-2021 23
25.0,10.0,2021.0,0.0,17.0,68.63333333333334,25-10-2021 0
25.0,10.0,2021.0,1.0,17.0,66.08333333333333,25-10-2021 1
25.0,10.0,2021.0,2.0,17.0,57.3,25-10-2021 2
25.0,10.0,2021.0,3.0,17.0,57.38333333333333,25-10-2021 3
25.0,10.0,2021.0,4.0,17.0,59.53333333333333,25-10-2021 4
25.0,10.0,2021.0,5.0,16.966666666666665,61.583333333333336,25-10-2021 5
25.0,10.0,2021.0,6.0,17.083333333333332,60.88333333333333,25-10-2021 6
25.0,10.0,2021.0,7.0,18.083333333333332,54.733333333333334,25-10-2021 7
25.0,10.0,2021.0,8.0,19.1,53.53333333333333,25-10-2021 8
25.0,10.0,2021.0,9.0,19.6,53.083333333333336,25-10-2021 9
25.0,10.0,2021.0,10.0,21.25423728813559,46.932203389830505,25-10-2021 10
25.0,10.0,2021.0,11.0,21.0,48.85,25-10-2021 11
25.0,10.0,2021.0,12.0,21.0,50.016666666666666,25-10-2021 12
25.0,10.0,2021.0,13.0,21.516666666666666,48.416666666666664,25-10-2021 13
25.0,10.0,2021.0,14.0,22.15,48.483333333333334,25-10-2021 14
25.0,10.0,2021.0,15.0,21.0,55.3,25-10-2021 15
25.0,10.0,2021.0,16.0,20.406779661016948,59.016949152542374,25-10-2021 16
25.0,10.0,2021.0,17.0,20.0,59.15,25-10-2021 17
25.0,10.0,2021.0,18.0,19.466666666666665,60.416666666666664,25-10-2021 18
25.0,10.0,2021.0,19.0,19.0,63.43333333333333,25-10-2021 19
25.0,10.0,2021.0,20.0,19.0,65.7,25-10-2021 20
25.0,10.0,2021.0,21.0,18.9,68.4,25-10-2021 21
25.0,10.0,2021.0,22.0,18.6,70.08333333333333,25-10-2021 22
25.0,10.0,2021.0,23.0,18.0,71.91666666666667,25-10-2021 23
26.0,10.0,2021.0,0.0,18.0,72.8,26-10-2021 0
26.0,10.0,2021.0,1.0,18.0,74.53333333333333,26-10-2021 1
26.0,10.0,2021.0,2.0,18.0,77.45,26-10-2021 2
26.0,10.0,2021.0,3.0,18.0,79.11666666666666,26-10-2021 3
26.0,10.0,2021.0,4.0,18.0,79.9,26-10-2021 4
26.0,10.0,2021.0,5.0,18.0,80.38333333333334,26-10-2021 5
26.0,10.0,2021.0,6.0,18.0,79.08333333333333,26-10-2021 6
26.0,10.0,2021.0,7.0,18.483333333333334,76.2,26-10-2021 7
26.0,10.0,2021.0,8.0,19.576271186440678,69.50847457627118,26-10-2021 8
26.0,10.0,2021.0,9.0,22.066666666666666,57.38333333333333,26-10-2021 9
26.0,10.0,2021.0,10.0,23.816666666666666,50.55,26-10-2021 10
26.0,10.0,2021.0,11.0,26.3,43.71666666666667,26-10-2021 11
26.0,10.0,2021.0,12.0,28.183333333333334,38.916666666666664,26-10-2021 12
26.0,10.0,2021.0,13.0,28.383333333333333,37.88333333333333,26-10-2021 13
26.0,10.0,2021.0,14.0,28.0,38.0,26-10-2021 14
26.0,10.0,2021.0,16.0,22.0,56.42857142857143,26-10-2021 16
26.0,10.0,2021.0,17.0,21.916666666666668,58.333333333333336,26-10-2021 17
27.0,10.0,2021.0,9.0,21.806451612903224,65.90322580645162,27-10-2021 9
27.0,10.0,2021.0,10.0,22.583333333333332,61.35,27-10-2021 10
27.0,10.0,2021.0,11.0,23.283333333333335,59.3,27-10-2021 11
27.0,10.0,2021.0,12.0,24.366666666666667,55.1,27-10-2021 12
27.0,10.0,2021.0,13.0,25.050847457627118,53.94915254237288,27-10-2021 13
27.0,10.0,2021.0,14.0,24.033333333333335,58.15,27-10-2021 14
27.0,10.0,2021.0,15.0,23.35,61.1,27-10-2021 15
27.0,10.0,2021.0,16.0,22.083333333333332,71.35,27-10-2021 16
27.0,10.0,2021.0,17.0,21.616666666666667,79.13333333333334,27-10-2021 17
27.0,10.0,2021.0,18.0,21.0,79.45,27-10-2021 18
27.0,10.0,2021.0,19.0,21.0,80.01666666666667,27-10-2021 19
27.0,10.0,2021.0,20.0,21.0,82.85,27-10-2021 20
27.0,10.0,2021.0,21.0,20.983333333333334,83.3,27-10-2021 21
27.0,10.0,2021.0,22.0,20.933333333333334,83.36666666666666,27-10-2021 22
27.0,10.0,2021.0,23.0,20.433333333333334,85.13333333333334,27-10-2021 23
28.0,10.0,2021.0,0.0,20.0,86.68333333333334,28-10-2021 0
28.0,10.0,2021.0,1.0,20.0,86.93333333333334,28-10-2021 1
28.0,10.0,2021.0,2.0,20.0,86.8,28-10-2021 2
28.0,10.0,2021.0,3.0,20.0,86.05,28-10-2021 3
28.0,10.0,2021.0,4.0,19.966666666666665,86.3,28-10-2021 4
28.0,10.0,2021.0,5.0,19.916666666666668,86.25,28-10-2021 5
28.0,10.0,2021.0,6.0,20.0,85.55,28-10-2021 6
28.0,10.0,2021.0,7.0,20.0,84.91666666666667,28-10-2021 7
28.0,10.0,2021.0,8.0,20.54237288135593,81.71186440677967,28-10-2021 8
28.0,10.0,2021.0,9.0,21.783333333333335,73.7,28-10-2021 9
28.0,10.0,2021.0,10.0,22.29824561403509,69.80701754385964,28-10-2021 10
28.0,10.0,2021.0,11.0,22.95,65.71666666666667,28-10-2021 11
28.0,10.0,2021.0,12.0,23.0,62.53448275862069,28-10-2021 12
28.0,10.0,2021.0,13.0,23.677966101694917,59.898305084745765,28-10-2021 13
28.0,10.0,2021.0,14.0,24.1864406779661,60.20338983050848,28-10-2021 14
28.0,10.0,2021.0,15.0,24.0,59.220338983050844,28-10-2021 15
28.0,10.0,2021.0,16.0,23.1864406779661,63.898305084745765,28-10-2021 16
28.0,10.0,2021.0,17.0,22.0,70.1864406779661,28-10-2021 17
28.0,10.0,2021.0,18.0,21.216666666666665,72.43333333333334,28-10-2021 18
28.0,10.0,2021.0,19.0,20.0,67.46666666666667,28-10-2021 19
28.0,10.0,2021.0,20.0,20.0,65.98333333333333,28-10-2021 20
28.0,10.0,2021.0,21.0,19.966666666666665,65.15,28-10-2021 21
28.0,10.0,2021.0,22.0,19.066666666666666,59.35,28-10-2021 22
28.0,10.0,2021.0,23.0,19.0,59.983333333333334,28-10-2021 23
29.0,10.0,2021.0,0.0,18.966666666666665,62.56666666666667,29-10-2021 0
29.0,10.0,2021.0,1.0,18.066666666666666,63.65,29-10-2021 1
29.0,10.0,2021.0,2.0,18.0,66.85,29-10-2021 2
29.0,10.0,2021.0,3.0,18.0,71.63333333333334,29-10-2021 3
29.0,10.0,2021.0,4.0,18.0,73.75,29-10-2021 4
29.0,10.0,2021.0,5.0,18.0,74.71666666666667,29-10-2021 5
29.0,10.0,2021.0,6.0,18.083333333333332,74.86666666666666,29-10-2021 6
29.0,10.0,2021.0,7.0,19.0,73.18333333333334,29-10-2021 7
29.0,10.0,2021.0,8.0,19.16949152542373,72.64406779661017,29-10-2021 8
29.0,10.0,2021.0,9.0,20.8,63.666666666666664,29-10-2021 9
29.0,10.0,2021.0,10.0,22.316666666666666,54.583333333333336,29-10-2021 10
29.0,10.0,2021.0,11.0,24.322033898305083,46.728813559322035,29-10-2021 11
29.0,10.0,2021.0,12.0,25.203389830508474,45.847457627118644,29-10-2021 12
29.0,10.0,2021.0,13.0,25.55,44.516666666666666,29-10-2021 13
29.0,10.0,2021.0,14.0,26.610169491525422,41.728813559322035,29-10-2021 14
29.0,10.0,2021.0,15.0,25.34,45.54,29-10-2021 15
29.0,10.0,2021.0,16.0,23.93103448275862,50.224137931034484,29-10-2021 16
29.0,10.0,2021.0,17.0,22.583333333333332,54.833333333333336,29-10-2021 17
29.0,10.0,2021.0,18.0,22.0,57.67796610169491,29-10-2021 18
29.0,10.0,2021.0,19.0,21.116666666666667,62.6,29-10-2021 19
29.0,10.0,2021.0,20.0,21.0,65.26666666666667,29-10-2021 20
29.0,10.0,2021.0,21.0,21.0,64.95,29-10-2021 21
29.0,10.0,2021.0,22.0,20.366666666666667,65.3,29-10-2021 22
29.0,10.0,2021.0,23.0,20.0,64.6,29-10-2021 23
30.0,10.0,2021.0,0.0,19.816666666666666,65.0,30-10-2021 0
30.0,10.0,2021.0,1.0,19.083333333333332,64.3,30-10-2021 1
30.0,10.0,2021.0,2.0,19.0,65.03333333333333,30-10-2021 2
30.0,10.0,2021.0,3.0,19.0,65.7,30-10-2021 3
30.0,10.0,2021.0,4.0,19.0,67.48333333333333,30-10-2021 4
30.0,10.0,2021.0,5.0,19.0,68.93333333333334,30-10-2021 5
30.0,10.0,2021.0,6.0,19.05,66.66666666666667,30-10-2021 6
30.0,10.0,2021.0,7.0,20.15,61.18333333333333,30-10-2021 7
30.0,10.0,2021.0,8.0,21.0,56.30508474576271,30-10-2021 8
30.0,10.0,2021.0,9.0,21.833333333333332,51.983333333333334,30-10-2021 9
30.0,10.0,2021.0,10.0,23.683333333333334,45.85,30-10-2021 10
30.0,10.0,2021.0,11.0,25.266666666666666,40.85,30-10-2021 11
30.0,10.0,2021.0,12.0,26.616666666666667,37.25,30-10-2021 12
30.0,10.0,2021.0,13.0,28.516666666666666,35.2,30-10-2021 13
30.0,10.0,2021.0,14.0,27.983333333333334,37.983333333333334,30-10-2021 14
30.0,10.0,2021.0,15.0,27.766666666666666,38.516666666666666,30-10-2021 15
30.0,10.0,2021.0,16.0,26.033898305084747,43.6271186440678,30-10-2021 16
30.0,10.0,2021.0,17.0,23.440677966101696,50.25423728813559,30-10-2021 17
30.0,10.0,2021.0,18.0,22.133333333333333,55.63333333333333,30-10-2021 18
30.0,10.0,2021.0,19.0,21.55,56.38333333333333,30-10-2021 19
30.0,10.0,2021.0,20.0,21.0,57.56666666666667,30-10-2021 20
30.0,10.0,2021.0,21.0,21.0,58.65,30-10-2021 21
30.0,10.0,2021.0,22.0,20.483333333333334,59.5,30-10-2021 22
30.0,10.0,2021.0,23.0,20.0,61.21666666666667,30-10-2021 23
31.0,10.0,2021.0,0.0,20.0,62.46666666666667,31-10-2021 0
31.0,10.0,2021.0,1.0,19.716666666666665,64.21666666666667,31-10-2021 1
31.0,10.0,2021.0,2.0,19.0,65.45,31-10-2021 2
31.0,10.0,2021.0,3.0,19.0,66.26666666666667,31-10-2021 3
31.0,10.0,2021.0,4.0,19.0,67.61666666666666,31-10-2021 4
31.0,10.0,2021.0,5.0,19.0,69.6,31-10-2021 5
31.0,10.0,2021.0,6.0,19.283333333333335,68.95,31-10-2021 6
31.0,10.0,2021.0,7.0,20.0,64.25,31-10-2021 7
31.0,10.0,2021.0,8.0,20.35593220338983,61.47457627118644,31-10-2021 8
31.0,10.0,2021.0,9.0,20.8,60.85,31-10-2021 9
31.0,10.0,2021.0,10.0,20.85,60.05,31-10-2021 10
31.0,10.0,2021.0,11.0,21.0,61.166666666666664,31-10-2021 11
31.0,10.0,2021.0,12.0,20.333333333333332,71.1,31-10-2021 12
31.0,10.0,2021.0,13.0,20.883333333333333,73.95,31-10-2021 13
31.0,10.0,2021.0,14.0,21.0,73.66101694915254,31-10-2021 14
31.0,10.0,2021.0,15.0,21.0,73.63333333333334,31-10-2021 15
31.0,10.0,2021.0,16.0,20.933333333333334,75.86666666666666,31-10-2021 16
31.0,10.0,2021.0,17.0,20.066666666666666,79.51666666666667,31-10-2021 17
31.0,10.0,2021.0,18.0,20.0,80.3,31-10-2021 18
31.0,10.0,2021.0,19.0,19.683333333333334,80.33333333333333,31-10-2021 19
31.0,10.0,2021.0,20.0,19.0,80.16666666666667,31-10-2021 20
31.0,10.0,2021.0,21.0,19.0,79.96666666666667,31-10-2021 21
31.0,10.0,2021.0,22.0,19.0,79.16666666666667,31-10-2021 22
31.0,10.0,2021.0,23.0,19.0,77.48333333333333,31-10-2021 23
1.0,11.0,2021.0,0.0,19.0,77.85,1-11-2021 0
1.0,11.0,2021.0,1.0,18.783333333333335,80.66666666666667,1-11-2021 1
1.0,11.0,2021.0,2.0,18.266666666666666,83.86666666666666,1-11-2021 2
1.0,11.0,2021.0,3.0,18.0,85.88333333333334,1-11-2021 3
1.0,11.0,2021.0,4.0,18.0,86.0,1-11-2021 4
1.0,11.0,2021.0,5.0,18.0,86.05,1-11-2021 5
1.0,11.0,2021.0,6.0,18.0,85.76666666666667,1-11-2021 6
1.0,11.0,2021.0,7.0,18.2,80.23333333333333,1-11-2021 7
1.0,11.0,2021.0,8.0,19.65,72.33333333333333,1-11-2021 8
1.0,11.0,2021.0,9.0,19.616666666666667,71.35,1-11-2021 9
1.0,11.0,2021.0,10.0,20.483333333333334,67.0,1-11-2021 10
1.0,11.0,2021.0,11.0,20.75,63.38333333333333,1-11-2021 11
1.0,11.0,2021.0,12.0,23.305084745762713,49.13559322033898,1-11-2021 12
1.0,11.0,2021.0,13.0,23.75,45.68333333333333,1-11-2021 13
1.0,11.0,2021.0,14.0,24.1,45.36666666666667,1-11-2021 14
1.0,11.0,2021.0,15.0,26.383333333333333,39.43333333333333,1-11-2021 15
1.0,11.0,2021.0,16.0,25.0,45.59322033898305,1-11-2021 16
1.0,11.0,2021.0,17.0,22.6,53.35,1-11-2021 17
1.0,11.0,2021.0,18.0,21.322033898305083,58.67796610169491,1-11-2021 18
1.0,11.0,2021.0,19.0,20.533333333333335,59.43333333333333,1-11-2021 19
1.0,11.0,2021.0,20.0,20.0,62.483333333333334,1-11-2021 20
1.0,11.0,2021.0,21.0,20.0,71.33333333333333,1-11-2021 21
1.0,11.0,2021.0,22.0,19.433333333333334,77.35,1-11-2021 22
1.0,11.0,2021.0,23.0,19.0,77.53333333333333,1-11-2021 23
2.0,11.0,2021.0,0.0,19.0,75.01666666666667,2-11-2021 0
2.0,11.0,2021.0,1.0,19.0,74.48333333333333,2-11-2021 1
2.0,11.0,2021.0,2.0,19.0,75.65,2-11-2021 2
2.0,11.0,2021.0,3.0,19.0,82.15,2-11-2021 3
2.0,11.0,2021.0,4.0,18.6,82.85,2-11-2021 4
2.0,11.0,2021.0,5.0,18.0,84.58333333333333,2-11-2021 5
2.0,11.0,2021.0,6.0,18.8,83.28333333333333,2-11-2021 6
2.0,11.0,2021.0,7.0,19.583333333333332,73.26666666666667,2-11-2021 7
2.0,11.0,2021.0,8.0,21.322033898305083,61.067796610169495,2-11-2021 8
2.0,11.0,2021.0,9.0,21.983333333333334,54.65,2-11-2021 9
2.0,11.0,2021.0,10.0,22.983333333333334,49.483333333333334,2-11-2021 10
2.0,11.0,2021.0,11.0,22.620689655172413,51.293103448275865,2-11-2021 11
2.0,11.0,2021.0,12.0,24.103448275862068,47.86206896551724,2-11-2021 12
2.0,11.0,2021.0,13.0,26.406779661016948,40.016949152542374,2-11-2021 13
2.0,11.0,2021.0,14.0,25.0,44.53333333333333,2-11-2021 14
2.0,11.0,2021.0,15.0,25.15,43.583333333333336,2-11-2021 15
2.0,11.0,2021.0,16.0,23.85,46.46666666666667,2-11-2021 16
2.0,11.0,2021.0,17.0,22.333333333333332,52.083333333333336,2-11-2021 17
2.0,11.0,2021.0,18.0,21.516666666666666,56.31666666666667,2-11-2021 18
2.0,11.0,2021.0,19.0,21.0,59.36666666666667,2-11-2021 19
2.0,11.0,2021.0,20.0,20.833333333333332,63.55,2-11-2021 20
2.0,11.0,2021.0,21.0,20.0,65.25,2-11-2021 21
2.0,11.0,2021.0,22.0,20.0,64.15,2-11-2021 22
2.0,11.0,2021.0,23.0,19.466666666666665,65.91666666666667,2-11-2021 23
3.0,11.0,2021.0,0.0,19.0,68.31666666666666,3-11-2021 0
3.0,11.0,2021.0,1.0,19.0,71.46666666666667,3-11-2021 1
3.0,11.0,2021.0,2.0,19.0,70.55,3-11-2021 2
3.0,11.0,2021.0,3.0,19.0,71.36666666666666,3-11-2021 3
3.0,11.0,2021.0,4.0,19.0,73.0,3-11-2021 4
3.0,11.0,2021.0,5.0,19.0,73.16666666666667,3-11-2021 5
3.0,11.0,2021.0,6.0,19.0,69.38333333333334,3-11-2021 6
3.0,11.0,2021.0,7.0,19.9,62.93333333333333,3-11-2021 7
3.0,11.0,2021.0,8.0,20.716666666666665,57.56666666666667,3-11-2021 8
3.0,11.0,2021.0,9.0,22.383333333333333,49.8,3-11-2021 9
3.0,11.0,2021.0,10.0,23.65,47.166666666666664,3-11-2021 10
3.0,11.0,2021.0,11.0,25.76271186440678,39.83050847457627,3-11-2021 11
3.0,11.0,2021.0,12.0,25.916666666666668,40.86666666666667,3-11-2021 12
3.0,11.0,2021.0,13.0,26.4,40.8,3-11-2021 13
3.0,11.0,2021.0,14.0,28.338983050847457,35.813559322033896,3-11-2021 14
3.0,11.0,2021.0,15.0,26.362068965517242,40.96551724137931,3-11-2021 15
3.0,11.0,2021.0,16.0,25.54237288135593,43.76271186440678,3-11-2021 16
3.0,11.0,2021.0,17.0,23.31578947368421,50.64912280701754,3-11-2021 17
3.0,11.0,2021.0,18.0,22.316666666666666,53.31666666666667,3-11-2021 18
3.0,11.0,2021.0,19.0,21.9,53.916666666666664,3-11-2021 19
3.0,11.0,2021.0,20.0,21.05,54.35,3-11-2021 20
3.0,11.0,2021.0,21.0,21.0,54.78333333333333,3-11-2021 21
3.0,11.0,2021.0,22.0,20.816666666666666,57.016666666666666,3-11-2021 22
3.0,11.0,2021.0,23.0,20.033333333333335,57.2,3-11-2021 23
4.0,11.0,2021.0,0.0,20.0,57.68333333333333,4-11-2021 0
4.0,11.0,2021.0,1.0,19.0,60.416666666666664,4-11-2021 1
4.0,11.0,2021.0,2.0,19.0,62.45,4-11-2021 2
4.0,11.0,2021.0,3.0,19.0,64.8,4-11-2021 3
4.0,11.0,2021.0,4.0,18.733333333333334,68.4,4-11-2021 4
4.0,11.0,2021.0,5.0,18.833333333333332,70.76666666666667,4-11-2021 5
4.0,11.0,2021.0,6.0,19.0,69.15,4-11-2021 6
4.0,11.0,2021.0,7.0,19.666666666666668,63.86666666666667,4-11-2021 7
4.0,11.0,2021.0,8.0,21.203389830508474,56.33898305084746,4-11-2021 8
4.0,11.0,2021.0,9.0,22.45762711864407,50.83050847457627,4-11-2021 9
4.0,11.0,2021.0,10.0,24.033333333333335,44.38333333333333,4-11-2021 10
4.0,11.0,2021.0,11.0,26.6,33.083333333333336,4-11-2021 11
4.0,11.0,2021.0,12.0,28.610169491525422,21.576271186440678,4-11-2021 12
4.0,11.0,2021.0,13.0,29.466666666666665,17.216666666666665,4-11-2021 13
4.0,11.0,2021.0,14.0,30.933333333333334,17.85,4-11-2021 14
4.0,11.0,2021.0,15.0,29.45,31.9,4-11-2021 15
4.0,11.0,2021.0,16.0,28.083333333333332,34.1,4-11-2021 16
4.0,11.0,2021.0,17.0,25.716666666666665,37.06666666666667,4-11-2021 17
4.0,11.0,2021.0,18.0,24.74576271186441,38.83050847457627,4-11-2021 18
4.0,11.0,2021.0,19.0,24.0,40.266666666666666,4-11-2021 19
4.0,11.0,2021.0,20.0,23.283333333333335,45.8,4-11-2021 20
4.0,11.0,2021.0,21.0,23.0,49.483333333333334,4-11-2021 21
4.0,11.0,2021.0,22.0,22.633333333333333,53.81666666666667,4-11-2021 22
4.0,11.0,2021.0,23.0,22.0,51.833333333333336,4-11-2021 23
5.0,11.0,2021.0,0.0,21.516666666666666,52.81666666666667,5-11-2021 0
5.0,11.0,2021.0,1.0,21.0,59.1,5-11-2021 1
5.0,11.0,2021.0,2.0,20.233333333333334,62.666666666666664,5-11-2021 2
5.0,11.0,2021.0,3.0,20.0,60.266666666666666,5-11-2021 3
5.0,11.0,2021.0,4.0,19.383333333333333,62.61666666666667,5-11-2021 4
5.0,11.0,2021.0,5.0,19.0,67.5,5-11-2021 5
5.0,11.0,2021.0,6.0,19.666666666666668,65.36666666666666,5-11-2021 6
5.0,11.0,2021.0,7.0,21.033898305084747,54.220338983050844,5-11-2021 7
16.0,11.0,2021.0,14.0,29.0,15.25,16-11-2021 14
16.0,11.0,2021.0,15.0,29.65,16.25,16-11-2021 15
16.0,11.0,2021.0,16.0,28.0,23.724137931034484,16-11-2021 16
16.0,11.0,2021.0,17.0,26.883333333333333,31.8,16-11-2021 17
16.0,11.0,2021.0,18.0,25.166666666666668,40.3,16-11-2021 18
16.0,11.0,2021.0,19.0,24.0,44.06666666666667,16-11-2021 19
16.0,11.0,2021.0,20.0,23.816666666666666,43.36666666666667,16-11-2021 20
16.0,11.0,2021.0,21.0,23.0,42.38333333333333,16-11-2021 21
16.0,11.0,2021.0,22.0,23.0,39.833333333333336,16-11-2021 22
16.0,11.0,2021.0,23.0,22.266666666666666,42.36666666666667,16-11-2021 23
17.0,11.0,2021.0,0.0,22.0,44.06666666666667,17-11-2021 0
17.0,11.0,2021.0,1.0,21.7,45.03333333333333,17-11-2021 1
17.0,11.0,2021.0,2.0,21.0,48.06666666666667,17-11-2021 2
17.0,11.0,2021.0,3.0,21.0,50.38333333333333,17-11-2021 3
17.0,11.0,2021.0,4.0,20.2,53.25,17-11-2021 4
17.0,11.0,2021.0,5.0,20.0,53.0,17-11-2021 5
17.0,11.0,2021.0,6.0,20.466666666666665,50.166666666666664,17-11-2021 6
17.0,11.0,2021.0,7.0,21.733333333333334,45.06666666666667,17-11-2021 7
17.0,11.0,2021.0,8.0,23.20689655172414,40.62068965517241,17-11-2021 8
17.0,11.0,2021.0,9.0,24.85,36.56666666666667,17-11-2021 9
17.0,11.0,2021.0,10.0,25.949152542372882,33.220338983050844,17-11-2021 10
17.0,11.0,2021.0,11.0,27.89830508474576,23.76271186440678,17-11-2021 11
17.0,11.0,2021.0,12.0,29.433333333333334,18.316666666666666,17-11-2021 12
17.0,11.0,2021.0,13.0,29.85,17.966666666666665,17-11-2021 13
17.0,11.0,2021.0,14.0,31.483333333333334,16.066666666666666,17-11-2021 14
17.0,11.0,2021.0,15.0,30.8135593220339,16.440677966101696,17-11-2021 15
17.0,11.0,2021.0,16.0,29.233333333333334,22.566666666666666,17-11-2021 16
17.0,11.0,2021.0,17.0,28.05,29.133333333333333,17-11-2021 17
17.0,11.0,2021.0,18.0,27.0,31.65,17-11-2021 18
17.0,11.0,2021.0,19.0,26.3,30.966666666666665,17-11-2021 19
17.0,11.0,2021.0,20.0,26.0,31.683333333333334,17-11-2021 20
17.0,11.0,2021.0,21.0,25.216666666666665,32.65,17-11-2021 21
17.0,11.0,2021.0,22.0,25.0,32.233333333333334,17-11-2021 22
17.0,11.0,2021.0,23.0,24.883333333333333,35.983333333333334,17-11-2021 23
18.0,11.0,2021.0,0.0,24.0,37.9,18-11-2021 0
18.0,11.0,2021.0,1.0,24.0,37.81666666666667,18-11-2021 1
18.0,11.0,2021.0,2.0,24.0,39.78333333333333,18-11-2021 2
18.0,11.0,2021.0,3.0,23.766666666666666,40.81666666666667,18-11-2021 3
18.0,11.0,2021.0,4.0,23.0,43.43333333333333,18-11-2021 4
18.0,11.0,2021.0,5.0,23.0,45.766666666666666,18-11-2021 5
18.0,11.0,2021.0,6.0,23.0,50.8,18-11-2021 6
18.0,11.0,2021.0,7.0,22.816666666666666,58.5,18-11-2021 7
18.0,11.0,2021.0,8.0,22.766666666666666,64.4,18-11-2021 8
18.0,11.0,2021.0,9.0,22.583333333333332,69.5,18-11-2021 9
18.0,11.0,2021.0,10.0,23.316666666666666,69.86666666666666,18-11-2021 10
18.0,11.0,2021.0,11.0,22.966666666666665,71.05,18-11-2021 11
18.0,11.0,2021.0,12.0,23.016949152542374,69.23728813559322,18-11-2021 12
18.0,11.0,2021.0,13.0,23.0,71.05,18-11-2021 13
18.0,11.0,2021.0,14.0,23.016949152542374,67.11864406779661,18-11-2021 14
18.0,11.0,2021.0,15.0,22.866666666666667,75.01666666666667,18-11-2021 15
18.0,11.0,2021.0,16.0,22.366666666666667,79.03333333333333,18-11-2021 16
18.0,11.0,2021.0,17.0,22.0,83.2,18-11-2021 17
18.0,11.0,2021.0,18.0,21.933333333333334,84.33333333333333,18-11-2021 18
18.0,11.0,2021.0,19.0,21.4,85.76666666666667,18-11-2021 19
18.0,11.0,2021.0,20.0,21.016666666666666,85.18333333333334,18-11-2021 20
18.0,11.0,2021.0,21.0,21.0,85.03333333333333,18-11-2021 21
18.0,11.0,2021.0,22.0,21.0,85.85,18-11-2021 22
18.0,11.0,2021.0,23.0,20.1,87.9,18-11-2021 23
19.0,11.0,2021.0,0.0,20.083333333333332,89.41666666666667,19-11-2021 0
19.0,11.0,2021.0,1.0,20.0,88.11666666666666,19-11-2021 1
19.0,11.0,2021.0,2.0,20.0,89.0,19-11-2021 2
19.0,11.0,2021.0,3.0,20.0,87.76666666666667,19-11-2021 3
19.0,11.0,2021.0,4.0,20.0,89.0,19-11-2021 4
19.0,11.0,2021.0,5.0,20.033333333333335,88.53333333333333,19-11-2021 5
19.0,11.0,2021.0,6.0,20.883333333333333,88.11666666666666,19-11-2021 6
19.0,11.0,2021.0,7.0,21.0,87.46666666666667,19-11-2021 7
19.0,11.0,2021.0,8.0,21.93103448275862,86.15517241379311,19-11-2021 8
19.0,11.0,2021.0,9.0,21.88135593220339,84.71186440677967,19-11-2021 9
19.0,11.0,2021.0,10.0,21.25,84.03333333333333,19-11-2021 10
19.0,11.0,2021.0,11.0,21.96551724137931,80.65517241379311,19-11-2021 11
19.0,11.0,2021.0,12.0,21.982758620689655,79.01724137931035,19-11-2021 12
19.0,11.0,2021.0,13.0,21.0,79.50847457627118,19-11-2021 13
19.0,11.0,2021.0,14.0,21.033333333333335,74.28333333333333,19-11-2021 14
19.0,11.0,2021.0,15.0,21.083333333333332,73.7,19-11-2021 15
19.0,11.0,2021.0,16.0,21.033333333333335,70.38333333333334,19-11-2021 16
19.0,11.0,2021.0,17.0,20.616666666666667,70.41666666666667,19-11-2021 17
19.0,11.0,2021.0,18.0,20.0,72.1864406779661,19-11-2021 18
19.0,11.0,2021.0,19.0,20.0,74.66666666666667,19-11-2021 19
19.0,11.0,2021.0,20.0,19.716666666666665,77.28333333333333,19-11-2021 20
19.0,11.0,2021.0,21.0,19.016666666666666,74.7,19-11-2021 21
19.0,11.0,2021.0,22.0,19.0,74.11666666666666,19-11-2021 22
19.0,11.0,2021.0,23.0,19.0,73.51666666666667,19-11-2021 23
20.0,11.0,2021.0,0.0,19.0,72.45,20-11-2021 0
20.0,11.0,2021.0,1.0,19.0,72.56666666666666,20-11-2021 1
20.0,11.0,2021.0,2.0,19.0,73.45,20-11-2021 2
20.0,11.0,2021.0,3.0,19.0,78.81666666666666,20-11-2021 3
20.0,11.0,2021.0,4.0,18.9,79.91666666666667,20-11-2021 4
20.0,11.0,2021.0,5.0,18.916666666666668,76.65,20-11-2021 5
20.0,11.0,2021.0,6.0,19.0,72.96666666666667,20-11-2021 6
20.0,11.0,2021.0,7.0,19.183333333333334,74.66666666666667,20-11-2021 7
20.0,11.0,2021.0,8.0,20.12280701754386,67.21052631578948,20-11-2021 8
20.0,11.0,2021.0,9.0,21.228070175438596,58.29824561403509,20-11-2021 9
20.0,11.0,2021.0,10.0,22.1864406779661,52.932203389830505,20-11-2021 10
20.0,11.0,2021.0,11.0,22.316666666666666,51.5,20-11-2021 11
20.0,11.0,2021.0,12.0,22.689655172413794,47.87931034482759,20-11-2021 12
20.0,11.0,2021.0,13.0,23.033898305084747,46.59322033898305,20-11-2021 13
20.0,11.0,2021.0,14.0,23.016949152542374,46.45762711864407,20-11-2021 14
20.0,11.0,2021.0,15.0,22.166666666666668,47.63333333333333,20-11-2021 15
20.0,11.0,2021.0,16.0,21.183333333333334,51.05,20-11-2021 16
20.0,11.0,2021.0,17.0,20.116666666666667,53.916666666666664,20-11-2021 17
20.0,11.0,2021.0,18.0,19.28813559322034,56.101694915254235,20-11-2021 18
20.0,11.0,2021.0,19.0,19.0,57.71666666666667,20-11-2021 19
20.0,11.0,2021.0,20.0,18.116666666666667,58.333333333333336,20-11-2021 20
20.0,11.0,2021.0,21.0,18.0,61.833333333333336,20-11-2021 21
20.0,11.0,2021.0,22.0,18.0,62.21666666666667,20-11-2021 22
20.0,11.0,2021.0,23.0,18.0,62.983333333333334,20-11-2021 23
21.0,11.0,2021.0,0.0,17.55,58.53333333333333,21-11-2021 0
21.0,11.0,2021.0,1.0,17.0,57.1,21-11-2021 1
21.0,11.0,2021.0,2.0,17.0,58.61666666666667,21-11-2021 2
21.0,11.0,2021.0,3.0,17.0,58.983333333333334,21-11-2021 3
21.0,11.0,2021.0,4.0,17.0,58.85,21-11-2021 4
21.0,11.0,2021.0,5.0,16.916666666666668,59.06666666666667,21-11-2021 5
21.0,11.0,2021.0,6.0,17.0,56.5,21-11-2021 6
21.0,11.0,2021.0,7.0,18.3,51.43333333333333,21-11-2021 7
21.0,11.0,2021.0,8.0,19.54385964912281,47.12280701754386,21-11-2021 8
21.0,11.0,2021.0,9.0,20.55,44.56666666666667,21-11-2021 9
21.0,11.0,2021.0,10.0,21.864406779661017,41.57627118644068,21-11-2021 10
21.0,11.0,2021.0,11.0,23.084745762711865,39.47457627118644,21-11-2021 11
21.0,11.0,2021.0,12.0,23.266666666666666,39.583333333333336,21-11-2021 12
21.0,11.0,2021.0,13.0,24.6,37.68333333333333,21-11-2021 13
21.0,11.0,2021.0,14.0,24.983333333333334,36.93333333333333,21-11-2021 14
21.0,11.0,2021.0,15.0,23.8,38.68333333333333,21-11-2021 15
21.0,11.0,2021.0,16.0,23.133333333333333,40.483333333333334,21-11-2021 16
21.0,11.0,2021.0,17.0,21.28813559322034,45.813559322033896,21-11-2021 17
21.0,11.0,2021.0,18.0,20.066666666666666,49.88333333333333,21-11-2021 18
21.0,11.0,2021.0,19.0,19.183333333333334,52.46666666666667,21-11-2021 19
21.0,11.0,2021.0,20.0,19.0,56.8,21-11-2021 20
21.0,11.0,2021.0,21.0,19.0,57.86666666666667,21-11-2021 21
21.0,11.0,2021.0,22.0,18.333333333333332,59.75,21-11-2021 22
21.0,11.0,2021.0,23.0,17.966666666666665,61.2,21-11-2021 23
22.0,11.0,2021.0,0.0,17.166666666666668,64.01666666666667,22-11-2021 0
22.0,11.0,2021.0,1.0,17.416666666666668,67.25,22-11-2021 1
22.0,11.0,2021.0,2.0,17.0,68.16666666666667,22-11-2021 2
22.0,11.0,2021.0,3.0,17.0,67.28333333333333,22-11-2021 3
22.0,11.0,2021.0,4.0,17.0,66.68333333333334,22-11-2021 4
22.0,11.0,2021.0,5.0,17.0,68.35,22-11-2021 5
22.0,11.0,2021.0,6.0,17.383333333333333,69.36666666666666,22-11-2021 6
22.0,11.0,2021.0,7.0,18.083333333333332,67.06666666666666,22-11-2021 7
22.0,11.0,2021.0,8.0,19.05,62.3,22-11-2021 8
